grade_num,stage,domain,theme,kp_code,kp_name,content_requirement,academic_requirement,teaching_hint,depth_level,core_competency,source_ref
1,小学低,整本书阅读,阅读兴趣,CHN-G1-BOK-001,亲近图画书和儿童读物,在教师和家长引导下阅读图画书、童谣集、浅近童话等儿童读物，感受课外阅读乐趣。,能持续听读或自主阅读一本短小儿童读物，愿意向同伴介绍书名、人物或喜欢的画面。,建立班级图书角、亲子共读和阅读分享机制，不把整本书阅读变成答题训练。,1,语言运用;审美创造;文化自信,义务教育语文课程标准(2022年版)·第一学段·整本书阅读;参考义务教育课程标准日常修订版(2022年版2025年修订)口径/解读方向
1,小学低,文化传承与理解,传统语言材料,CHN-G1-CUL-001,诵读浅近古诗和传统童谣,诵读浅近古诗、童谣、儿歌、成语和传统节日相关语言材料，感受中华优秀传统文化。,能背诵或熟读若干浅近作品，知道其中与自然、节日、生活或美好品德相关的内容。,结合节日、节气、校园活动开展诵读和展示，强调感受和积累。,1,文化自信;审美创造;语言运用,义务教育语文课程标准(2022年版)·第一学段·文化自信与语言积累;参考义务教育课程标准日常修订版(2022年版2025年修订)口径/解读方向
1,小学低,梳理与探究,字词分类,CHN-G1-ORG-001,按事物特点分类词语,在识字、阅读和生活观察中，学习按颜色、大小、用途、类别、场景等特点整理词语。,能对简单词语或图片进行分类，说出分类依据，初步发现语言和事物之间的联系。,用游戏化分类、词语卡片、实物整理等方式培养梳理意识。,1,思维能力;语言运用,义务教育语文课程标准(2022年版)·第一学段·梳理与探究;参考义务教育课程标准日常修订版(2022年版2025年修订)口径/解读方向
1,小学低,表达与交流,倾听与应答,CHN-G1-EXP-001,认真倾听并清楚说话,学习在课堂和生活情境中认真听别人讲话，听懂简单要求，并用普通话作出回应。,能听清主要意思，按要求回答问题或表达想法，初步做到说话完整、态度自然。,以同伴交流、课堂问答、生活对话为主要情境，重视倾听习惯。,1,语言运用;思维能力,义务教育语文课程标准(2022年版)·第一学段·表达与交流;参考义务教育课程标准日常修订版(2022年版2025年修订)口径/解读方向
1,小学低,表达与交流,看图说话,CHN-G1-EXP-002,看图说话与口头讲述,观察图画、实物或生活场景，学习按一定顺序说清看到的内容和自己的想法。,能围绕一幅图或一个生活场景说几句连贯的话，表达基本清楚。,可用看图讲故事、介绍物品、说校园见闻等活动训练口头表达。,1,语言运用;思维能力,义务教育语文课程标准(2022年版)·第一学段·表达与交流;参考义务教育课程标准日常修订版(2022年版2025年修订)口径/解读方向
1,小学低,识字与写字,汉语拼音与识字基础,CHN-G1-HZW-001,认识汉字与汉语拼音,认识汉字是记录汉语的重要符号，学习汉语拼音，借助拼音认读汉字、正音和阅读浅近文字。,能借助汉语拼音认读生字和简单词句，初步建立音、形、义之间的联系，形成学习汉字和普通话的兴趣。,采用儿歌、游戏、图文对应、生活标识识读等方式教学，避免机械抄记拼音规则。,1,语言运用;文化自信,义务教育语文课程标准(2022年版)·第一学段·识字与写字;参考义务教育课程标准日常修订版(2022年版2025年修订)口径/解读方向
1,小学低,识字与写字,规范书写起步,CHN-G1-HZW-002,掌握基本笔画和笔顺,学习汉字基本笔画、常用偏旁和基本笔顺规则，认识田字格，养成正确坐姿、执笔姿势和书写习惯。,能按基本笔顺规则书写常用汉字，做到姿势正确、笔画清楚、结构初步端正。,低年级写字应重习惯和规范，少量多次，重视教师示范和即时反馈。,1,语言运用;审美创造,义务教育语文课程标准(2022年版)·第一学段·识字与写字;参考义务教育课程标准日常修订版(2022年版2025年修订)口径/解读方向
1,小学低,识字与写字,主动识字,CHN-G1-HZW-003,认读常用字与主动识字,通过课文、生活标识、图书、校园环境等多种渠道认识常用汉字，积累常用词语。,能认读教材和生活中常见汉字，愿意在生活中主动识字，并能用简单词语表达意思。,鼓励课内外结合识字，保护识字兴趣，不以提前识字数量作为唯一评价标准。,1,语言运用;文化自信,义务教育语文课程标准(2022年版)·第一学段·识字与写字;参考义务教育课程标准日常修订版(2022年版2025年修订)口径/解读方向
1,小学低,跨学科学习,生活语文,CHN-G1-PRA-001,在生活场景中用语文,在入学适应、校园生活、劳动、艺术、科学观察等活动中，运用识字、倾听、表达和阅读能力完成简单任务。,能在真实场景中读懂简单提示，表达需要，记录或讲述一次活动体验。,选择安全、贴近生活的任务，如认识校园标识、介绍植物、制作姓名牌等。,1,语言运用;思维能力;文化自信,义务教育语文课程标准(2022年版)·第一学段·跨学科学习;参考义务教育课程标准日常修订版(2022年版2025年修订)口径/解读方向
1,小学低,阅读与鉴赏,朗读与语感,CHN-G1-REA-001,朗读儿歌童谣和短文,学习朗读儿歌、童谣、浅近古诗和短小课文，感受汉语节奏、韵律和语气。,能用普通话正确朗读短小文本，做到声音响亮、停顿基本合适，初步感受语言的节奏美。,多采用听读、跟读、表演读、配乐读等方式，重在兴趣和语感。,1,语言运用;审美创造,义务教育语文课程标准(2022年版)·第一学段·阅读与鉴赏;参考义务教育课程标准日常修订版(2022年版2025年修订)口径/解读方向
1,小学低,阅读与鉴赏,图文阅读,CHN-G1-REA-002,借助图画理解文本,阅读图画书、拼音读物和短小故事，借助图画、题目、上下文理解主要内容。,能说出故事中的人物、地点、事件或自己喜欢的内容，愿意表达阅读感受。,充分利用图画书和儿童生活经验，引导学生边看边想边说。,1,语言运用;思维能力;审美创造,义务教育语文课程标准(2022年版)·第一学段·阅读与鉴赏;参考义务教育课程标准日常修订版(2022年版2025年修订)口径/解读方向
2,小学低,整本书阅读,阅读分享,CHN-G2-BOK-001,分享整本书阅读体验,在教师指导下阅读童话、儿童故事、图画书等整本书，学习记录阅读进度和喜欢的内容。,能完成一本适合年龄的儿童读物阅读，介绍主要人物、情节或最喜欢的片段。,可采用阅读单、图文记录、故事会等方式，重在形成阅读习惯。,2,语言运用;审美创造;文化自信,义务教育语文课程标准(2022年版)·第一学段·整本书阅读;参考义务教育课程标准日常修订版(2022年版2025年修订)口径/解读方向
2,小学低,文化传承与理解,传统文化积累,CHN-G2-CUL-001,积累传统文化语言材料,继续诵读浅近古诗文、成语、谚语、童谣和节日文化材料，理解其中的自然情趣、生活智慧和美好品德。,能背诵或熟读一定数量的浅近优秀作品，并在表达中尝试运用积累的词句。,结合节气、传统节日、地方文化和班级活动开展积累与展示。,2,文化自信;语言运用;审美创造,义务教育语文课程标准(2022年版)·第一学段·文化自信与语言积累;参考义务教育课程标准日常修订版(2022年版2025年修订)口径/解读方向
2,小学低,梳理与探究,语言规律发现,CHN-G2-ORG-001,发现字词句规律,在识字、阅读、积累中观察偏旁、形近字、同音字、词语搭配和句式特点，尝试归纳简单规律。,能说出若干字词句之间的相同点和不同点，并尝试把发现用于识字、阅读或表达。,用归类卡片、语文园地、词句比较等活动培养探究意识。,2,思维能力;语言运用,义务教育语文课程标准(2022年版)·第一学段·梳理与探究;参考义务教育课程标准日常修订版(2022年版2025年修订)口径/解读方向
2,小学低,表达与交流,口语交际,CHN-G2-EXP-001,按顺序讲述见闻,围绕生活见闻、阅读内容或活动经历，学习按时间、地点、人物、经过等顺序讲述。,能把一件简单事情讲清楚，听别人讲话时能抓住主要内容并作出回应。,设置采访、讲故事、介绍活动等真实交际任务，培养听说互动。,2,语言运用;思维能力,义务教育语文课程标准(2022年版)·第一学段·表达与交流;参考义务教育课程标准日常修订版(2022年版2025年修订)口径/解读方向
2,小学低,表达与交流,写话起步,CHN-G2-EXP-002,写话表达真实想法,学习用几句话写自己想说的话，记录见闻、感受、想象或对图画内容的理解。,能写几句意思连贯的话，基本做到句子通顺、标点初步正确，愿意与他人分享。,写话重在真情实感和表达兴趣，不宜过早套用固定作文模板。,2,语言运用;审美创造,义务教育语文课程标准(2022年版)·第一学段·表达与交流;参考义务教育课程标准日常修订版(2022年版2025年修订)口径/解读方向
2,小学低,识字与写字,独立识字,CHN-G2-HZW-001,独立识字与查检初步,继续学习常用汉字，运用拼音、偏旁、字形结构、语境和工具书等方法识字，初步学习查字典。,能较独立地认读常用字，遇到不认识的字能尝试借助拼音、语境或工具查检。,引导学生把识字方法说出来，形成自主识字策略。,2,语言运用;思维能力,义务教育语文课程标准(2022年版)·第一学段·识字与写字;参考义务教育课程标准日常修订版(2022年版2025年修订)口径/解读方向
2,小学低,识字与写字,规范书写提升,CHN-G2-HZW-002,正确书写常用汉字,巩固基本笔画、偏旁和笔顺规则，学习观察间架结构，提高常用字书写质量。,能用硬笔正确、端正、整洁地书写常用汉字，基本保持良好书写姿势和习惯。,把书写规范融入日常作业和语文实践，重视结构观察和习惯保持。,2,语言运用;审美创造,义务教育语文课程标准(2022年版)·第一学段·识字与写字;参考义务教育课程标准日常修订版(2022年版2025年修订)口径/解读方向
2,小学低,识字与写字,词句积累,CHN-G2-HZW-003,积累词语与句式,在阅读和生活表达中积累常用词语、成语、短语和基本句式，学习在语境中理解和运用。,能用积累的词语和句式说话、写话，使表达较具体、较通顺。,通过词语接龙、句式仿说、日积月累等活动促进迁移运用。,2,语言运用;思维能力,义务教育语文课程标准(2022年版)·第一学段·识字与写字;参考义务教育课程标准日常修订版(2022年版2025年修订)口径/解读方向
2,小学低,跨学科学习,综合语文实践,CHN-G2-PRA-001,完成生活语文小任务,结合科学观察、劳动实践、艺术制作、校园活动等，综合运用识字、阅读、表达、记录和展示能力完成小任务。,能读懂简单任务要求，合作完成记录、介绍或展示，并说明自己的发现或收获。,任务可选图书漂流、节日介绍、植物观察、班级公告制作等，体现语文在真实生活中的运用。,2,语言运用;思维能力;文化自信,义务教育语文课程标准(2022年版)·第一学段·跨学科学习;参考义务教育课程标准日常修订版(2022年版2025年修订)口径/解读方向
2,小学低,阅读与鉴赏,朗读与默读起步,CHN-G2-REA-001,流利朗读课文,继续学习用普通话朗读课文，注意停顿、语气和情感，初步学习不出声、不指读的默读方式。,能正确、流利地朗读短文，读后能说出主要内容或自己感兴趣的地方。,朗读评价要关注理解和语感，不只追求声音整齐。,2,语言运用;审美创造,义务教育语文课程标准(2022年版)·第一学段·阅读与鉴赏;参考义务教育课程标准日常修订版(2022年版2025年修订)口径/解读方向
2,小学低,阅读与鉴赏,信息提取,CHN-G2-REA-002,提取文本主要信息,阅读童话、寓言、儿歌、短文和简单说明性材料，学习提取人物、事件、时间、地点、原因等信息。,能根据问题在文本中找到相关信息，并用自己的话简要说明。,从故事情节和生活说明材料入手，培养有根据地回答问题。,2,语言运用;思维能力,义务教育语文课程标准(2022年版)·第一学段·阅读与鉴赏;参考义务教育课程标准日常修订版(2022年版2025年修订)口径/解读方向
2,小学低,阅读与鉴赏,文学体验,CHN-G2-REA-003,阅读童话寓言和儿童故事,阅读浅近童话、寓言、儿童故事和儿童诗，感受人物形象、故事趣味和语言美。,能讲述故事大意，表达对人物或情节的简单看法，愿意与同伴交流阅读感受。,通过角色朗读、故事复述、情节排序等方式促进理解。,2,语言运用;审美创造;思维能力,义务教育语文课程标准(2022年版)·第一学段·阅读与鉴赏;参考义务教育课程标准日常修订版(2022年版2025年修订)口径/解读方向
3,小学中,整本书阅读,阅读计划与分享,CHN-G3-BOK-001,制订整本书阅读计划,阅读儿童文学、寓言、神话传说、英雄模范故事等整本书，学习制订简单阅读计划并记录阅读过程。,能按计划读完一本适合年龄的书，用口头、图文或阅读单分享人物、情节和感受。,关注阅读兴趣、持续阅读和整体理解，不以碎片化问答代替整本书阅读。,2,语言运用;审美创造;文化自信,义务教育语文课程标准(2022年版)·第二学段·整本书阅读;参考义务教育课程标准日常修订版(2022年版2025年修订)口径/解读方向
3,小学中,文化传承与理解,传统文化体验,CHN-G3-CUL-001,感受传统文化语言与意象,通过古诗文、神话传说、寓言、传统节日和文化意象等材料，感受中华优秀传统文化。,能说出作品或活动中体现的传统文化内容，积累相关词句，并表达自己的理解和喜爱。,结合节日节气、地方文化和文化场馆资源开展体验式学习。,2,文化自信;审美创造;语言运用,义务教育语文课程标准(2022年版)·第二学段·文化自信与语言积累;参考义务教育课程标准日常修订版(2022年版2025年修订)口径/解读方向
3,小学中,梳理与探究,语言材料分类,CHN-G3-ORG-001,分类整理字词句和语言材料,在识字、阅读和表达中整理形近字、多音字、近义词、反义词、句式、段落结构等语言材料。,能按一定标准分类整理语言材料，发现常见语言现象，并尝试在阅读和表达中运用。,可用学习单、词句卡、语文园地、思维导图开展梳理。,2,思维能力;语言运用,义务教育语文课程标准(2022年版)·第二学段·梳理与探究;参考义务教育课程标准日常修订版(2022年版2025年修订)口径/解读方向
3,小学中,梳理与探究,问题探究,CHN-G3-ORG-002,围绕语文问题开展小探究,围绕阅读、语言使用、校园生活或传统文化中的问题，学习提出问题、收集资料、讨论交流和表达发现。,能在教师指导下完成一个小探究，说明问题、资料来源和初步结论。,题目要小而真实，如校园用语、错别字调查、节日习俗等。,2,思维能力;语言运用;文化自信,义务教育语文课程标准(2022年版)·第二学段·梳理与探究;参考义务教育课程标准日常修订版(2022年版2025年修订)口径/解读方向
3,小学中,表达与交流,日常口语交际,CHN-G3-EXP-001,清楚表达观点和理由,在讨论、采访、讲述、介绍、转述等情境中，学习围绕话题清楚表达自己的看法，并认真倾听他人意见。,能说清主要意思，尝试用一两个理由支持观点，交流时注意对象、场合和礼貌。,组织真实交际任务，如介绍一本书、讲述一次活动、采访同伴等。,2,语言运用;思维能力,义务教育语文课程标准(2022年版)·第二学段·表达与交流;参考义务教育课程标准日常修订版(2022年版2025年修订)口径/解读方向
3,小学中,表达与交流,观察与习作起步,CHN-G3-EXP-002,写清观察和生活见闻,学习观察身边事物、人物和活动，用一段或几段话写清楚自己的见闻、感受和想象。,能围绕一个意思写一段比较连贯的话，内容真实具体，句子基本通顺。,从观察记录、活动经历、图文想象入手，保护表达兴趣，不套模板。,2,语言运用;思维能力;审美创造,义务教育语文课程标准(2022年版)·第二学段·表达与交流;参考义务教育课程标准日常修订版(2022年版2025年修订)口径/解读方向
3,小学中,表达与交流,习作修改,CHN-G3-EXP-003,学习修改自己的习作,学习借助朗读、同伴建议和教师提示，修改习作中不通顺、不具体或标点使用不当的地方。,能发现并修改明显语病、错别字和标点问题，愿意与他人交流修改建议。,把修改作为写作过程的一部分，评价时关注修改意识。,2,语言运用;思维能力,义务教育语文课程标准(2022年版)·第二学段·表达与交流;参考义务教育课程标准日常修订版(2022年版2025年修订)口径/解读方向
3,小学中,识字与写字,独立识字与词语理解,CHN-G3-HZW-001,运用多种方法独立识字,继续扩大识字量，学习运用拼音、偏旁部首、字形结构、语境、工具书和生活经验独立识字，理解常用词语在具体语境中的意思。,能较熟练地独立认读常用字词，遇到生字能主动查检或联系语境理解，逐步形成自主识字习惯。,把识字放在阅读、写作和生活语境中进行，鼓励学生交流识字方法。,2,语言运用;思维能力,义务教育语文课程标准(2022年版)·第二学段·识字与写字;参考义务教育课程标准日常修订版(2022年版2025年修订)口径/解读方向
3,小学中,识字与写字,硬笔书写,CHN-G3-HZW-002,规范书写常用汉字,巩固硬笔书写基本规范，学习观察汉字间架结构、笔画呼应和行款整齐，继续养成良好书写习惯。,能用硬笔书写常用汉字，做到正确、端正、整洁，初步注意书写速度和版面整齐。,在日常语文作业和习作中落实书写要求，避免只靠集中练字。,2,语言运用;审美创造,义务教育语文课程标准(2022年版)·第二学段·识字与写字;参考义务教育课程标准日常修订版(2022年版2025年修订)口径/解读方向
3,小学中,跨学科学习,校园活动语文实践,CHN-G3-PRA-001,参与校园语文综合活动,结合朗诵会、故事会、读书节、观察记录、校园调查等活动，综合运用阅读、表达、记录和展示能力。,能在小组活动中承担任务，完成资料查找、记录整理、口头展示或简单书面表达。,活动应有真实受众和成果展示，强调合作过程和语言实践。,2,语言运用;思维能力;文化自信,义务教育语文课程标准(2022年版)·第二学段·跨学科学习;参考义务教育课程标准日常修订版(2022年版2025年修订)口径/解读方向
3,小学中,阅读与鉴赏,朗读默读与略读,CHN-G3-REA-001,学习朗读默读和略读,学习有感情地朗读课文，初步学习默读和略读，能根据阅读目的选择合适阅读方式。,能正确、流利、有感情地朗读课文，默读时不出声不指读，能用略读方式了解文章大意。,朗读、默读、略读应结合具体文本任务，不作孤立技巧训练。,2,语言运用;思维能力,义务教育语文课程标准(2022年版)·第二学段·阅读与鉴赏;参考义务教育课程标准日常修订版(2022年版2025年修订)口径/解读方向
3,小学中,阅读与鉴赏,叙事性作品理解,CHN-G3-REA-002,理解叙事性作品主要内容,阅读童话、寓言、故事、记叙文等叙事性作品，理解人物、情节、环境和主要内容。,能复述故事大意，概括主要内容，表达对人物、情节或语言的初步感受。,通过情节图、人物卡、角色朗读、故事复述等方式促进整体理解。,2,语言运用;思维能力;审美创造,义务教育语文课程标准(2022年版)·第二学段·阅读与鉴赏;参考义务教育课程标准日常修订版(2022年版2025年修订)口径/解读方向
3,小学中,阅读与鉴赏,实用性阅读,CHN-G3-REA-003,阅读简单实用文本,阅读通知、说明、图表、书信、活动安排、科普短文等简单实用文本，学习按目的获取信息。,能从实用文本中提取关键信息，判断信息与任务的关系，并按要求完成简单应用。,结合校园通知、活动海报、说明书、观察记录等真实材料教学。,2,语言运用;思维能力,义务教育语文课程标准(2022年版)·第二学段·阅读与鉴赏;参考义务教育课程标准日常修订版(2022年版2025年修订)口径/解读方向
3,小学中,阅读与鉴赏,古诗文积累,CHN-G3-REA-004,诵读优秀诗文并理解大意,诵读优秀诗文、成语、格言警句和浅近文言材料，借助注释、图画和生活经验理解大意。,能背诵或熟读一定数量优秀诗文，初步感受语言节奏、意象和传统文化内涵。,以诵读、想象画面、联系生活体验为主，不做过深文言知识讲解。,2,文化自信;审美创造;语言运用,义务教育语文课程标准(2022年版)·第二学段·阅读与鉴赏;参考义务教育课程标准日常修订版(2022年版2025年修订)口径/解读方向
4,小学中,整本书阅读,多类型整本书阅读,CHN-G4-BOK-001,阅读儿童文学和传统故事整本书,阅读儿童文学名著、寓言、神话传说、英雄模范故事等整本书，学习交流人物、情节、主题和启示。,能较完整地介绍一本书的主要内容，分享阅读收获，提出阅读中的问题。,鼓励学生用阅读地图、人物关系图、读书会等方式交流。,2,语言运用;审美创造;文化自信,义务教育语文课程标准(2022年版)·第二学段·整本书阅读;参考义务教育课程标准日常修订版(2022年版2025年修订)口径/解读方向
4,小学中,文化传承与理解,文化主题阅读,CHN-G4-CUL-001,围绕文化主题阅读与表达,围绕传统节日、民俗风情、文化遗产、历史传说和中华文化意象开展阅读、参观、记录和表达。,能结合阅读和活动经历介绍一种文化现象，表达自己的理解和体验。,可结合博物馆、非遗、地方文化和校园文化活动开展。,2,文化自信;语言运用;审美创造,义务教育语文课程标准(2022年版)·第二学段·文化自信与语言积累;参考义务教育课程标准日常修订版(2022年版2025年修订)口径/解读方向
4,小学中,梳理与探究,语言现象梳理,CHN-G4-ORG-001,梳理语言现象并发现规律,围绕字词句段、修辞、标点、表达顺序、篇章结构等语言现象进行比较、分类和归纳。,能通过比较发现表达特点，说明自己的发现，并尝试用于阅读理解和习作表达。,引导学生从具体语言材料中归纳，不要求系统讲授语法。,3,思维能力;语言运用,义务教育语文课程标准(2022年版)·第二学段·梳理与探究;参考义务教育课程标准日常修订版(2022年版2025年修订)口径/解读方向
4,小学中,表达与交流,有条理口语表达,CHN-G4-EXP-001,围绕主题有条理表达,在讲述、讨论、辩论雏形、汇报和采访中，学习围绕中心组织材料，有条理地表达。,能围绕主题说清内容，注意先后顺序和重点，听取他人意见并作适当回应。,可设置新闻播报、读书分享、项目汇报等真实交际任务。,2,语言运用;思维能力,义务教育语文课程标准(2022年版)·第二学段·表达与交流;参考义务教育课程标准日常修订版(2022年版2025年修订)口径/解读方向
4,小学中,表达与交流,记实习作,CHN-G4-EXP-002,写清事情经过和感受,学习写人、记事、写景、状物等记实性习作，围绕中心选择材料，写清经过和感受。,能写一篇内容较具体、语句较通顺、结构较清楚的习作，并表达真实感受。,引导学生从真实经历和细致观察出发，反对套作和空泛抒情。,2,语言运用;思维能力;审美创造,义务教育语文课程标准(2022年版)·第二学段·表达与交流;参考义务教育课程标准日常修订版(2022年版2025年修订)口径/解读方向
4,小学中,表达与交流,想象习作,CHN-G4-EXP-003,展开想象进行创意表达,根据图画、故事开头、生活情境或阅读经验展开想象，写童话、故事或创意片段。,能写出有一定情节和想象力的作品，注意人物、事件和语言表达的连贯。,鼓励自由表达和多样创意，同时引导情节清楚、语言通顺。,2,语言运用;审美创造;思维能力,义务教育语文课程标准(2022年版)·第二学段·表达与交流;参考义务教育课程标准日常修订版(2022年版2025年修订)口径/解读方向
4,小学中,表达与交流,习作修改与评价,CHN-G4-EXP-004,修改并评价习作,学习从内容是否具体、顺序是否清楚、语句是否通顺、标点是否恰当等方面修改和评价习作。,能根据修改要求对自己的习作作较有针对性的修改，并能给同伴提出具体建议。,采用同伴互评、朗读修改、修改前后对比等方式培养过程意识。,3,语言运用;思维能力,义务教育语文课程标准(2022年版)·第二学段·表达与交流;参考义务教育课程标准日常修订版(2022年版2025年修订)口径/解读方向
4,小学中,识字与写字,字词理解与运用,CHN-G4-HZW-001,在语境中理解和运用字词,继续扩大识字量，联系上下文和生活经验理解词语含义，辨析词语感情色彩和表达效果。,能较准确理解常用词语在语境中的意思，选择恰当词语进行口头或书面表达。,把字词学习与课文理解、习作表达结合，避免脱离语境机械解释。,2,语言运用;思维能力,义务教育语文课程标准(2022年版)·第二学段·识字与写字;参考义务教育课程标准日常修订版(2022年版2025年修订)口径/解读方向
4,小学中,识字与写字,书写质量与速度,CHN-G4-HZW-002,提高硬笔书写质量,巩固规范、端正、整洁的硬笔书写习惯，注意行款整齐，逐步提高书写速度。,能在日常作业和习作中保持较稳定的书写质量，做到正确、端正、整洁。,通过短时高频练习和作品展示促进书写习惯内化。,2,语言运用;审美创造,义务教育语文课程标准(2022年版)·第二学段·识字与写字;参考义务教育课程标准日常修订版(2022年版2025年修订)口径/解读方向
4,小学中,识字与写字,工具书使用,CHN-G4-HZW-003,熟练使用工具书查检,学习较熟练使用字典、词典和数字化工具查检字音、字形、字义和词语用法。,能根据学习需要选择合适查检方式，并把查检结果用于阅读理解和表达修改。,强调查检后的判断和运用，不只考查查字速度。,2,语言运用;数字化学习与创新,义务教育语文课程标准(2022年版)·第二学段·识字与写字;参考义务教育课程标准日常修订版(2022年版2025年修订)口径/解读方向
4,小学中,跨学科学习,调查报告与成果展示,CHN-G4-PRA-001,完成简单调查和语文成果展示,选择日常语言、校园卫生、交通安全、家庭教育、文化活动等问题进行调查研讨，学习写简单研究报告或展示材料。,能围绕问题收集资料，整理发现，用口头或书面方式展示结论和建议。,强调问题真实、资料可靠、表达清楚，鼓励与科学、道德与法治、艺术等学科联动。,3,语言运用;思维能力;文化自信,义务教育语文课程标准(2022年版)·第二学段·跨学科学习;参考义务教育课程标准日常修订版(2022年版2025年修订)口径/解读方向
4,小学中,阅读与鉴赏,把握文章主要内容,CHN-G4-REA-001,概括文章主要内容,阅读叙事性、说明性和浅近文学作品，学习抓住题目、关键句、段落和事件线索把握主要内容。,能用自己的话概括文章主要内容，初步分清主要信息和次要信息。,用段意合并、情节梳理、问题链等方式训练概括能力。,2,语言运用;思维能力,义务教育语文课程标准(2022年版)·第二学段·阅读与鉴赏;参考义务教育课程标准日常修订版(2022年版2025年修订)口径/解读方向
4,小学中,阅读与鉴赏,人物形象与情感,CHN-G4-REA-002,体会人物形象和思想感情,阅读叙事性作品，联系语言、动作、心理、环境和情节发展体会人物形象与思想感情。,能结合文本依据说出对人物或情感的理解，并表达自己的阅读感受。,引导学生用文本证据说话，避免空泛评价人物。,3,语言运用;思维能力;审美创造,义务教育语文课程标准(2022年版)·第二学段·阅读与鉴赏;参考义务教育课程标准日常修订版(2022年版2025年修订)口径/解读方向
4,小学中,阅读与鉴赏,说明性文本阅读,CHN-G4-REA-003,阅读说明性和科普文本,阅读说明性文章、科普短文、图表资料等，了解说明对象、主要特征和基本说明方法。,能提取关键信息，说明事物特点，借助图表或关键词整理内容。,与科学、信息科技等学科结合，训练信息提取和条理表达。,2,语言运用;思维能力,义务教育语文课程标准(2022年版)·第二学段·阅读与鉴赏;参考义务教育课程标准日常修订版(2022年版2025年修订)口径/解读方向
4,小学中,阅读与鉴赏,诗文鉴赏,CHN-G4-REA-004,感受诗文语言和意境,诵读优秀诗文，借助注释、想象画面和背景资料，感受语言节奏、意境和情感。,能用自己的话说出诗文大意和感受，积累优美词句并尝试迁移表达。,重视诵读、想象和审美体验，不过度讲解术语。,2,文化自信;审美创造;语言运用,义务教育语文课程标准(2022年版)·第二学段·阅读与鉴赏;参考义务教育课程标准日常修订版(2022年版2025年修订)口径/解读方向
5,小学高,整本书阅读,长篇作品阅读,CHN-G5-BOK-001,阅读长篇儿童文学和名著节选,阅读长篇儿童文学、经典名著节选、科普作品或人物传记，学习持续阅读和整体把握。,能较完整地介绍一本书的主要内容、人物形象和阅读收获，能提出自己的问题或看法。,通过阅读计划、读书笔记、人物关系图、读书会等方式支持持续阅读。,3,语言运用;审美创造;文化自信,义务教育语文课程标准(2022年版)·第三学段·整本书阅读;参考义务教育课程标准日常修订版(2022年版2025年修订)口径/解读方向
5,小学高,文化传承与理解,传统文化和革命文化阅读,CHN-G5-CUL-001,阅读传统文化和革命文化作品,阅读古诗文、传统故事、革命故事、英雄模范作品和中华优秀文化材料，理解其中的价值追求和精神品质。,能结合文本内容说明文化内涵或人物精神，并表达自己的认同和思考。,联系历史、道德与法治和地方文化资源，避免空泛说教。,3,文化自信;语言运用;审美创造,义务教育语文课程标准(2022年版)·第三学段·文化自信与语言积累;参考义务教育课程标准日常修订版(2022年版2025年修订)口径/解读方向
5,小学高,梳理与探究,表达方法梳理,CHN-G5-ORG-001,梳理文本表达方法,围绕不同文本，梳理叙述顺序、说明方法、描写方法、修辞手法、过渡照应等表达方法。,能发现常见表达方法的作用，并尝试迁移到自己的口头或书面表达中。,从典型课文和学生习作出发做比较分析，避免术语化。,3,思维能力;语言运用,义务教育语文课程标准(2022年版)·第三学段·梳理与探究;参考义务教育课程标准日常修订版(2022年版2025年修订)口径/解读方向
5,小学高,梳理与探究,专题资料整理,CHN-G5-ORG-002,围绕专题整理资料,围绕阅读、文化、生活或跨学科问题，学习确定主题、搜集资料、筛选信息、分类整理和形成结论。,能完成一个小专题资料整理任务，说明资料来源、整理方法和主要发现。,可结合人物研究、传统节日、自然观察、社会现象等主题开展。,3,思维能力;语言运用;文化自信,义务教育语文课程标准(2022年版)·第三学段·梳理与探究;参考义务教育课程标准日常修订版(2022年版2025年修订)口径/解读方向
5,小学高,表达与交流,观点表达与讨论,CHN-G5-EXP-001,有依据地表达观点,在讨论、交流、演讲、辩论雏形和汇报中，学习围绕话题表达观点，并用事实、文本或生活经验作支撑。,能清楚表达自己的观点，说明理由，尊重不同意见，并能根据交流调整表达。,设置读书讨论、班级议题、项目汇报等真实交际场景。,3,语言运用;思维能力,义务教育语文课程标准(2022年版)·第三学段·表达与交流;参考义务教育课程标准日常修订版(2022年版2025年修订)口径/解读方向
5,小学高,表达与交流,记实习作提升,CHN-G5-EXP-002,把事情和感受写具体,学习围绕中心选择材料，通过细节描写、场景描写、人物描写等方式写清事情经过和真实感受。,能写内容具体、条理清楚、感受真实的记实习作，表达有一定感染力。,引导学生从观察和经历中选材，重视细节和真情实感。,2,语言运用;审美创造;思维能力,义务教育语文课程标准(2022年版)·第三学段·表达与交流;参考义务教育课程标准日常修订版(2022年版2025年修订)口径/解读方向
5,小学高,表达与交流,想象与应用文表达,CHN-G5-EXP-003,开展想象表达和应用文写作,根据阅读经验、生活情境或任务需要，写想象作文、书信、倡议、读后感、活动通知等多种文本。,能根据不同文体和交际目的组织内容，做到格式基本正确、表达清楚。,结合真实任务写作，如给同伴写信、为活动写倡议、写读后感。,2,语言运用;思维能力;审美创造,义务教育语文课程标准(2022年版)·第三学段·表达与交流;参考义务教育课程标准日常修订版(2022年版2025年修订)口径/解读方向
5,小学高,表达与交流,习作修改与资料使用,CHN-G5-EXP-004,修改习作并合理使用资料,学习从中心、选材、结构、语言、标点、错别字等方面修改习作，初步学习摘录和引用资料。,能根据表达目的修改习作，合理使用资料，做到不简单照抄并能说明资料来源。,把查资料、写提纲、初稿、修改、交流展示作为完整写作过程。,3,语言运用;思维能力;文化自信,义务教育语文课程标准(2022年版)·第三学段·表达与交流;参考义务教育课程标准日常修订版(2022年版2025年修订)口径/解读方向
5,小学高,识字与写字,自主识字与词语辨析,CHN-G5-HZW-001,自主识字并辨析词语,继续扩大识字量，综合运用形声字规律、语境、工具书和已有积累理解字词，辨析近义词、关联词和词语表达效果。,能较独立地理解和运用常用字词，能结合语境辨析词义、感情色彩和表达作用。,把字词辨析嵌入阅读理解和习作修改，避免孤立解释词语。,2,语言运用;思维能力,义务教育语文课程标准(2022年版)·第三学段·识字与写字;参考义务教育课程标准日常修订版(2022年版2025年修订)口径/解读方向
5,小学高,识字与写字,硬笔书写与行款,CHN-G5-HZW-002,保持规范书写和行款整齐,巩固硬笔书写规范，注意行款整齐、卷面整洁和书写速度，初步感受汉字结构和书写美。,能在日常学习、摘抄、习作和展示中保持较稳定的书写质量，做到正确、端正、整洁。,把书写要求落实到真实语文任务中，可结合优秀作业展示和书写评价。,2,语言运用;审美创造,义务教育语文课程标准(2022年版)·第三学段·识字与写字;参考义务教育课程标准日常修订版(2022年版2025年修订)口径/解读方向
5,小学高,识字与写字,语言积累运用,CHN-G5-HZW-003,积累并运用有表现力的词句,在阅读和生活中积累成语、格言、古诗文名句、优美词句和典型句式，学习在表达中恰当运用。,能根据表达需要调用积累的词句，使口头和书面表达更准确、具体、有感染力。,鼓励建立摘抄本、词句库、主题积累卡，并在习作中迁移运用。,2,语言运用;审美创造;文化自信,义务教育语文课程标准(2022年版)·第三学段·识字与写字;参考义务教育课程标准日常修订版(2022年版2025年修订)口径/解读方向
5,小学高,跨学科学习,资料搜集与成果展示,CHN-G5-PRA-001,完成跨学科资料搜集和展示,围绕科学探究、社会调查、劳动实践、文化体验等主题，综合运用阅读、采访、记录、整理、写作和展示能力。,能根据任务搜集和筛选资料，形成报告、海报、演示或讲解稿，并清楚展示成果。,任务要有真实问题和明确受众，强调语言表达质量和资料可靠性。,3,语言运用;思维能力;文化自信,义务教育语文课程标准(2022年版)·第三学段·跨学科学习;参考义务教育课程标准日常修订版(2022年版2025年修订)口径/解读方向
5,小学高,阅读与鉴赏,阅读方法综合运用,CHN-G5-REA-001,综合运用精读略读浏览,根据阅读目的综合运用精读、略读、浏览、批注、圈画、摘录等方法阅读不同文本。,能根据任务选择合适阅读方法，较快把握文本大意、关键信息和重点内容。,用真实阅读任务驱动方法选择，如查找资料、准备汇报、深读课文等。,2,语言运用;思维能力,义务教育语文课程标准(2022年版)·第三学段·阅读与鉴赏;参考义务教育课程标准日常修订版(2022年版2025年修订)口径/解读方向
5,小学高,阅读与鉴赏,篇章结构与中心,CHN-G5-REA-002,把握篇章结构和中心意思,阅读记叙文、说明文、散文、诗歌等文本，学习抓住结构、线索、关键句和段落关系理解中心意思。,能概括主要内容，理清文章结构，说明作者围绕中心选择和安排材料的方法。,引导学生用结构图、段落提纲、关键词链等工具梳理文本。,3,语言运用;思维能力,义务教育语文课程标准(2022年版)·第三学段·阅读与鉴赏;参考义务教育课程标准日常修订版(2022年版2025年修订)口径/解读方向
5,小学高,阅读与鉴赏,文学语言品味,CHN-G5-REA-003,品味文学作品语言表达,阅读文学作品，关注人物描写、景物描写、修辞手法、细节描写和语言节奏，体会表达效果。,能结合具体词句说出语言特点和表达效果，表达较有依据的阅读感受。,强调“从文本中找依据”，避免脱离文本空泛赏析。,3,语言运用;审美创造;思维能力,义务教育语文课程标准(2022年版)·第三学段·阅读与鉴赏;参考义务教育课程标准日常修订版(2022年版2025年修订)口径/解读方向
5,小学高,阅读与鉴赏,实用与非连续性文本,CHN-G5-REA-004,阅读实用性和非连续性文本,阅读说明书、新闻、访谈、图表、统计资料、网页资料等实用性和非连续性文本，学习整合多源信息。,能提取、比较和整合文本与图表中的信息，判断信息与任务的相关性。,可与科学、信息科技、综合实践任务结合，训练信息整合和表达。,3,语言运用;思维能力,义务教育语文课程标准(2022年版)·第三学段·阅读与鉴赏;参考义务教育课程标准日常修订版(2022年版2025年修订)口径/解读方向
5,小学高,阅读与鉴赏,古诗文理解鉴赏,CHN-G5-REA-005,理解古诗文内容和情感,诵读优秀古诗文，借助注释、资料和想象理解内容，体会情感、意象和文化内涵。,能说出诗文大意和主要情感，积累名句，并尝试从语言、画面或情感角度欣赏。,以诵读、想象、比较阅读为主，适度补充背景资料。,3,文化自信;审美创造;语言运用,义务教育语文课程标准(2022年版)·第三学段·阅读与鉴赏;参考义务教育课程标准日常修订版(2022年版2025年修订)口径/解读方向
6,小学高,整本书阅读,经典作品整本书阅读,CHN-G6-BOK-001,阅读经典儿童文学和名著,阅读经典儿童文学、名著节选或整本书、科普作品、人物传记等，形成较稳定的课外阅读习惯。,能从人物、情节、主题、语言和阅读体验等角度介绍作品，提出自己的评价。,用阅读计划、阅读笔记、读书会、人物研究等方式支持深度阅读。,3,语言运用;审美创造;文化自信,义务教育语文课程标准(2022年版)·第三学段·整本书阅读;参考义务教育课程标准日常修订版(2022年版2025年修订)口径/解读方向
6,小学高,整本书阅读,阅读策略迁移,CHN-G6-BOK-002,迁移整本书阅读策略,在整本书阅读中运用预测、提问、批注、摘录、人物关系图、情节线索图和主题讨论等策略。,能根据作品特点选择阅读策略，持续跟进阅读进度，并形成较完整的阅读成果。,评价要关注阅读过程、策略运用和个性化理解。,3,语言运用;思维能力;审美创造,义务教育语文课程标准(2022年版)·第三学段·整本书阅读;参考义务教育课程标准日常修订版(2022年版2025年修订)口径/解读方向
6,小学高,文化传承与理解,文化理解与价值认同,CHN-G6-CUL-001,理解中华文化精神内涵,通过古诗文、传统文化作品、革命文化作品和社会主义先进文化材料，理解其中蕴含的家国情怀、责任担当和审美追求。,能结合文本和活动经历表达对中华文化的理解与认同，并能联系现实生活思考。,结合纪念日、地方文化、红色资源和经典诵读开展综合学习。,3,文化自信;语言运用;审美创造,义务教育语文课程标准(2022年版)·第三学段·文化自信与语言积累;参考义务教育课程标准日常修订版(2022年版2025年修订)口径/解读方向
6,小学高,梳理与探究,语言规律综合梳理,CHN-G6-ORG-001,综合梳理语文学习内容,围绕字词句段篇、阅读策略、表达方法、文学常识和文化积累进行系统整理。,能建立较清晰的语文知识和方法框架，说明不同知识方法之间的联系。,可用思维导图、学习档案、方法清单等方式进行毕业前梳理。,3,思维能力;语言运用,义务教育语文课程标准(2022年版)·第三学段·梳理与探究;参考义务教育课程标准日常修订版(2022年版2025年修订)口径/解读方向
6,小学高,梳理与探究,主题探究与小论文雏形,CHN-G6-ORG-002,开展主题探究并形成成果,围绕文学阅读、传统文化、校园生活、社会现象或跨学科问题，开展资料搜集、访谈调查、整理分析和成果表达。,能提出较明确的问题，综合资料形成观点或结论，并用报告、演示、海报等形式表达。,强调问题意识、资料来源、证据支撑和合作过程，不追求成人化论文。,3,思维能力;语言运用;文化自信,义务教育语文课程标准(2022年版)·第三学段·梳理与探究;参考义务教育课程标准日常修订版(2022年版2025年修订)口径/解读方向
6,小学高,表达与交流,公共表达与回应,CHN-G6-EXP-001,面向听众清楚表达并回应,在演讲、讨论、辩论、采访、汇报等活动中，围绕主题组织材料，清楚表达观点并回应提问。,能根据对象和场合调整表达方式，观点明确，理由较充分，倾听并尊重不同意见。,设置班级议题、读书论坛、项目答辩等真实交流场景。,3,语言运用;思维能力,义务教育语文课程标准(2022年版)·第三学段·表达与交流;参考义务教育课程标准日常修订版(2022年版2025年修订)口径/解读方向
6,小学高,表达与交流,纪实和抒情习作,CHN-G6-EXP-002,写有中心有细节的纪实习作,围绕真实经历、人物、景物或事件进行习作，学习突出中心、安排详略、描写细节和表达情感。,能写出中心较明确、内容较具体、结构较清楚、情感真实的习作。,引导学生从真实生活取材，关注细节和表达顺序。,3,语言运用;审美创造;思维能力,义务教育语文课程标准(2022年版)·第三学段·表达与交流;参考义务教育课程标准日常修订版(2022年版2025年修订)口径/解读方向
6,小学高,表达与交流,创意表达与应用写作,CHN-G6-EXP-003,完成创意表达和应用写作,根据表达目的完成想象作文、读后感、演讲稿、倡议书、调查报告、书信等多种文本。,能根据文体特点和受众需要组织材料，做到格式合适、内容清楚、表达有条理。,让写作服务真实任务，如毕业纪念、活动倡议、项目报告、读书推荐。,3,语言运用;思维能力;审美创造,义务教育语文课程标准(2022年版)·第三学段·表达与交流;参考义务教育课程标准日常修订版(2022年版2025年修订)口径/解读方向
6,小学高,表达与交流,修改评价与发表,CHN-G6-EXP-004,修改评价并发表作品,学习从立意、选材、结构、语言、文体、标点和错别字等方面修改作品，并进行展示交流。,能根据评价标准和同伴建议修改作品，说明修改理由，并愿意向真实读者发表或展示。,建立作品集和修改档案，关注写作过程和成长证据。,3,语言运用;思维能力;审美创造,义务教育语文课程标准(2022年版)·第三学段·表达与交流;参考义务教育课程标准日常修订版(2022年版2025年修订)口径/解读方向
6,小学高,识字与写字,自主识字综合运用,CHN-G6-HZW-001,综合运用识字和词语理解方法,综合运用形声规律、语境推断、工具书查检、资料检索和阅读积累理解字词，提升独立识字和词语运用能力。,能在阅读和表达中自主解决常见字词问题，准确理解词语含义和表达效果。,鼓励学生说明自己的理解过程，形成可迁移的语文学习策略。,3,语言运用;思维能力,义务教育语文课程标准(2022年版)·第三学段·识字与写字;参考义务教育课程标准日常修订版(2022年版2025年修订)口径/解读方向
6,小学高,识字与写字,书写质量与审美,CHN-G6-HZW-002,形成稳定书写习惯,巩固正确、端正、整洁的硬笔书写习惯，注意书写速度、行款布局和整体美观。,能在多种语文任务中保持稳定书写质量，初步具有汉字书写审美意识。,可结合毕业作品集、摘抄展示、习作誊写等真实任务评价书写。,2,语言运用;审美创造,义务教育语文课程标准(2022年版)·第三学段·识字与写字;参考义务教育课程标准日常修订版(2022年版2025年修订)口径/解读方向
6,小学高,跨学科学习,综合项目与毕业展示,CHN-G6-PRA-001,完成语文综合项目和成果展示,围绕真实问题或毕业主题，综合运用阅读、调查、写作、口语表达、资料整理和审美设计完成项目成果。,能展示项目过程、资料来源、语言成果和个人反思，体现语文学习的综合运用能力。,可结合毕业纪念册、校园文化调查、主题展览、读书成果展等任务开展。,3,语言运用;思维能力;文化自信;审美创造,义务教育语文课程标准(2022年版)·第三学段·跨学科学习;参考义务教育课程标准日常修订版(2022年版2025年修订)口径/解读方向
6,小学高,阅读与鉴赏,多文本阅读,CHN-G6-REA-001,整合多篇文本信息,围绕同一主题阅读多篇文学、实用、说明或非连续性文本，比较观点、材料、表达方式和信息可靠性。,能从多篇文本中提取并整合信息，形成较完整的理解或判断。,可围绕传统文化、科学话题、人物研究、社会议题开展群文阅读。,3,语言运用;思维能力,义务教育语文课程标准(2022年版)·第三学段·阅读与鉴赏;参考义务教育课程标准日常修订版(2022年版2025年修订)口径/解读方向
6,小学高,阅读与鉴赏,文学作品鉴赏,CHN-G6-REA-002,赏析文学形象和表达效果,阅读小说、散文、诗歌、戏剧片段等文学作品，理解人物形象、情节结构、环境描写和语言表达。,能结合文本细节赏析人物形象、情感和表达效果，形成有依据的阅读评价。,引导学生把情感体验、文本证据和表达方法结合起来。,3,语言运用;审美创造;思维能力,义务教育语文课程标准(2022年版)·第三学段·阅读与鉴赏;参考义务教育课程标准日常修订版(2022年版2025年修订)口径/解读方向
6,小学高,阅读与鉴赏,实用与说明文本阅读,CHN-G6-REA-003,评价实用文本信息,阅读新闻、说明书、科普文章、访谈、图表和网络资料，关注信息来源、观点立场和表达目的。,能判断信息是否可靠、充分和相关，并根据任务需要提取、比较和运用信息。,结合真实资料检索和学习项目，培养信息判断和证据意识。,3,语言运用;思维能力,义务教育语文课程标准(2022年版)·第三学段·阅读与鉴赏;参考义务教育课程标准日常修订版(2022年版2025年修订)口径/解读方向
6,小学高,阅读与鉴赏,思辨性阅读起步,CHN-G6-REA-004,初步开展思辨性阅读,阅读含有观点、理由和事实材料的文本，学习分辨事实与观点，理解作者表达立场。,能说出文本中的主要观点和依据，对观点作出初步评价，并表达自己的看法。,选用适龄议题材料，训练基于文本和事实的讨论，不做成人化议论文训练。,3,思维能力;语言运用,义务教育语文课程标准(2022年版)·第三学段·阅读与鉴赏;参考义务教育课程标准日常修订版(2022年版2025年修订)口径/解读方向
6,小学高,阅读与鉴赏,古诗文积累鉴赏,CHN-G6-REA-005,积累鉴赏优秀古诗文,诵读和理解优秀古诗文，关注意象、情感、语言节奏和文化内涵，扩大传统文化积累。,能背诵或熟读一定数量优秀诗文，结合注释和资料理解内容，表达审美感受和文化理解。,通过专题诵读、比较阅读、情境表达等方式深化积累。,3,文化自信;审美创造;语言运用,义务教育语文课程标准(2022年版)·第三学段·阅读与鉴赏;参考义务教育课程标准日常修订版(2022年版2025年修订)口径/解读方向
7,初中,整本书阅读,名著阅读起步,CHN-G7-BOK-001,制订名著阅读计划并交流,阅读适合初中阶段的文学名著、纪实作品或科普作品，制订阅读计划，记录人物、情节、语言和问题。,能按计划完成整本书阅读，介绍主要内容和人物，表达自己的阅读感受和疑问。,通过导读课、读书笔记、读书会和人物卡支持持续阅读。,2,语言运用;审美创造;文化自信,义务教育语文课程标准(2022年版)·第四学段·整本书阅读;参考义务教育课程标准日常修订版(2022年版2025年修订)口径/解读方向
7,初中,文化传承与理解,传统文化和革命文化材料阅读,CHN-G7-CUL-001,阅读文化主题作品并表达理解,阅读古诗文、传统文化故事、革命文化作品和社会主义先进文化材料，理解其中的价值追求和精神品质。,能结合具体文本表达文化理解，积累相关词句、典故和文化常识。,结合节日、纪念日、地方文化和红色资源开展专题学习。,2,文化自信;语言运用;审美创造,义务教育语文课程标准(2022年版)·第四学段·文化传承与理解;参考义务教育课程标准日常修订版(2022年版2025年修订)口径/解读方向
7,初中,梳理与探究,语言现象梳理,CHN-G7-ORG-001,梳理词句段篇基本现象,围绕词语搭配、句子成分、修辞、标点、段落关系和篇章结构等语言现象进行整理和比较。,能发现常见语言现象的特点和表达作用，并尝试迁移到阅读理解和写作表达。,不追求系统语法讲授，重在帮助学生解决阅读和表达问题。,2,思维能力;语言运用,义务教育语文课程标准(2022年版)·第四学段·梳理与探究;参考义务教育课程标准日常修订版(2022年版2025年修订)口径/解读方向
7,初中,梳理与探究,学习资料整理,CHN-G7-ORG-002,整理语文学习资料和方法,围绕单元主题、阅读材料、字词积累、写作方法和文化资料，学习分类整理和归纳方法。,能形成学习卡片、知识图、资料夹或单元小结，说明整理依据和使用价值。,把整理成果用于复习、写作和交流展示，避免为整理而整理。,2,思维能力;语言运用,义务教育语文课程标准(2022年版)·第四学段·梳理与探究;参考义务教育课程标准日常修订版(2022年版2025年修订)口径/解读方向
7,初中,表达与交流,倾听讨论与转述,CHN-G7-EXP-001,参与讨论并准确转述,在讨论、采访、讲述、复述、转述等情境中，学习倾听要点，围绕话题表达观点并尊重他人意见。,能抓住对方表达要点，清楚转述主要信息，围绕话题有条理地发言。,设置读书交流、活动采访、观点讨论等真实交际任务。,2,语言运用;思维能力,义务教育语文课程标准(2022年版)·第四学段·表达与交流;参考义务教育课程标准日常修订版(2022年版2025年修订)口径/解读方向
7,初中,表达与交流,记叙描写习作,CHN-G7-EXP-002,写清人事景物和感受,学习写人、记事、写景、状物，围绕中心选择材料，运用叙述、描写、抒情等方式表达真实体验。,能写中心明确、内容具体、结构基本完整的记叙性文章，语言通顺并有一定细节。,从真实生活和阅读体验中选材，强化观察、构思、起草和修改过程。,2,语言运用;审美创造;思维能力,义务教育语文课程标准(2022年版)·第四学段·表达与交流;参考义务教育课程标准日常修订版(2022年版2025年修订)口径/解读方向
7,初中,表达与交流,说明与介绍写作,CHN-G7-EXP-003,写简单说明和介绍文字,根据交际目的写事物介绍、活动说明、阅读推荐、人物简介等实用性文字，注意对象、顺序和重点。,能用清楚、有条理的语言介绍对象或说明事项，格式基本合适，信息准确。,结合校园活动、读书推荐、班级展示等真实任务写作。,2,语言运用;思维能力,义务教育语文课程标准(2022年版)·第四学段·表达与交流;参考义务教育课程标准日常修订版(2022年版2025年修订)口径/解读方向
7,初中,表达与交流,写作修改,CHN-G7-EXP-004,修改文章内容和语言,学习从中心、材料、结构、语言、标点、错别字等方面修改文章，听取同伴和教师建议。,能对自己的文章进行有针对性的修改，说明修改理由，并尝试评价同伴作品。,建立初稿、修改稿、定稿的过程档案，强化写作过程意识。,2,语言运用;思维能力,义务教育语文课程标准(2022年版)·第四学段·表达与交流;参考义务教育课程标准日常修订版(2022年版2025年修订)口径/解读方向
7,初中,识字与写字,语言积累与规范运用,CHN-G7-HZW-001,积累常用字词成语并规范运用,继续积累常用汉字、词语、成语、熟语和典型句式，关注词语在不同语境中的意义、感情色彩和表达效果。,能准确理解并运用常用字词，辨析近义词、成语和关联词的使用条件，减少错别字和病句。,结合课文阅读、日常表达和习作修改开展积累运用，避免孤立抄背。,2,语言运用;思维能力,义务教育语文课程标准(2022年版)·第四学段·识字与写字;参考义务教育课程标准日常修订版(2022年版2025年修订)口径/解读方向
7,初中,识字与写字,文言字词起步,CHN-G7-HZW-002,积累浅易文言字词,在浅易文言文阅读中积累常见实词、虚词、通假字、古今异义和基本句式，借助注释理解文意。,能结合上下文解释常见文言词句，初步迁移已学文言积累理解新材料。,文言字词教学应服务整体阅读和文化理解，不做孤立题海训练。,2,语言运用;文化自信,义务教育语文课程标准(2022年版)·第四学段·识字与写字;参考义务教育课程标准日常修订版(2022年版2025年修订)口径/解读方向
7,初中,跨学科学习,综合性学习活动,CHN-G7-PRA-001,完成语文综合性学习任务,围绕校园生活、传统文化、读书活动、社会观察等主题，综合运用阅读、调查、采访、写作和展示能力。,能完成小组任务，形成调查记录、展示稿、海报、报告或活动方案，并清楚表达成果。,任务应有真实问题、真实受众和过程记录，强调合作和语言实践。,2,语言运用;思维能力;文化自信,义务教育语文课程标准(2022年版)·第四学段·跨学科学习;参考义务教育课程标准日常修订版(2022年版2025年修订)口径/解读方向
7,初中,跨学科学习,数字化语文实践,CHN-G7-PRA-002,利用数字工具开展语文学习,在资料检索、阅读记录、协作写作、成果展示中合理使用数字工具，注意信息来源和版权规范。,能利用数字工具完成资料搜集、整理和展示，标注来源并保护个人信息。,与信息科技学习联动，培养数字环境下的语文实践能力。,2,语言运用;数字化学习与创新;信息社会责任,义务教育语文课程标准(2022年版)·第四学段·跨学科学习;参考义务教育课程标准日常修订版(2022年版2025年修订)口径/解读方向
7,初中,阅读与鉴赏,阅读方法与批注,CHN-G7-REA-001,运用默读精读略读和批注,根据阅读目的综合运用默读、精读、略读、浏览、圈点批注、摘录和提问等方法阅读不同文本。,能较快把握文本主要内容，提出阅读问题，借助批注记录理解、疑问和感受。,把阅读方法放入真实任务中训练，如预习课文、查找资料、准备讨论。,2,语言运用;思维能力,义务教育语文课程标准(2022年版)·第四学段·阅读与鉴赏;参考义务教育课程标准日常修订版(2022年版2025年修订)口径/解读方向
7,初中,阅读与鉴赏,叙事性文学阅读,CHN-G7-REA-002,理解叙事性作品人物与情节,阅读小说、散文、回忆性文章和叙事性作品，关注人物、情节、环境、线索和叙述视角。,能概括故事情节，分析人物形象，结合具体语句说明作品表达的情感和主题。,用情节线、人物关系图、细节证据表支持学生有依据地阅读。,2,语言运用;思维能力;审美创造,义务教育语文课程标准(2022年版)·第四学段·阅读与鉴赏;参考义务教育课程标准日常修订版(2022年版2025年修订)口径/解读方向
7,初中,阅读与鉴赏,散文与诗歌体验,CHN-G7-REA-003,品味散文诗歌语言和情感,阅读散文、现代诗歌和古诗词，关注意象、情感、节奏、修辞和语言表现力。,能结合词句品味语言，表达审美感受，初步说明作品怎样传达情感。,通过朗读、想象画面、比较词句等方式增强审美体验。,2,语言运用;审美创造,义务教育语文课程标准(2022年版)·第四学段·阅读与鉴赏;参考义务教育课程标准日常修订版(2022年版2025年修订)口径/解读方向
7,初中,阅读与鉴赏,说明性文本阅读,CHN-G7-REA-004,阅读说明性和科普文本,阅读说明文、科普文章、图表资料和简单非连续性文本，了解说明对象、特征、顺序和方法。,能提取关键信息，梳理说明思路，解释常见说明方法及其表达作用。,与科学、信息科技等学科材料结合，训练信息提取和条理说明。,2,语言运用;思维能力,义务教育语文课程标准(2022年版)·第四学段·阅读与鉴赏;参考义务教育课程标准日常修订版(2022年版2025年修订)口径/解读方向
7,初中,阅读与鉴赏,古诗文阅读,CHN-G7-REA-005,理解浅易古诗文内容,阅读浅易文言文和古诗词，借助注释、工具书和背景资料理解内容，体会情感和文化内涵。,能准确朗读和背诵重点篇目，说出基本文意，积累常见文言词句和文化常识。,重视诵读和语境理解，避免把古诗文学习简化为翻译背诵。,2,文化自信;语言运用;审美创造,义务教育语文课程标准(2022年版)·第四学段·阅读与鉴赏;参考义务教育课程标准日常修订版(2022年版2025年修订)口径/解读方向
7,初中,阅读与鉴赏,非连续性文本起步,CHN-G7-REA-006,阅读图表和多样资料,阅读图表、流程图、目录、网页、海报、统计资料等非连续性文本，学习根据任务提取信息。,能从多样资料中找到关键信息，判断信息与任务的关系，并进行简要整合。,使用真实校园通知、活动海报、图书目录、网页资料等材料。,2,语言运用;思维能力,义务教育语文课程标准(2022年版)·第四学段·阅读与鉴赏;参考义务教育课程标准日常修订版(2022年版2025年修订)口径/解读方向
8,初中,整本书阅读,名著专题阅读,CHN-G8-BOK-001,开展名著专题阅读和研讨,阅读文学名著、纪实作品或科普作品，围绕人物、情节、主题、语言、时代背景等开展专题研讨。,能用阅读笔记、专题发言或读书报告呈现对整本书的理解和评价。,引导学生从泛泛讲故事转向专题化、证据化阅读。,3,语言运用;审美创造;文化自信,义务教育语文课程标准(2022年版)·第四学段·整本书阅读;参考义务教育课程标准日常修订版(2022年版2025年修订)口径/解读方向
8,初中,整本书阅读,阅读策略深化,CHN-G8-BOK-002,运用多种策略推进整本书阅读,在整本书阅读中运用预测、提问、批注、摘录、人物关系图、情节线、比较阅读等策略。,能根据作品类型选择阅读策略，持续记录阅读过程，并形成个性化理解。,通过读书小组、阅读档案、主题展示促进持续阅读。,3,语言运用;思维能力;审美创造,义务教育语文课程标准(2022年版)·第四学段·整本书阅读;参考义务教育课程标准日常修订版(2022年版2025年修订)口径/解读方向
8,初中,文化传承与理解,文化专题阅读与表达,CHN-G8-CUL-001,开展传统文化革命文化专题学习,围绕中华优秀传统文化、革命文化和社会主义先进文化主题阅读作品、查找资料、参观体验并表达理解。,能结合文本和资料说明文化主题的内涵、价值和现实意义。,可结合地方文化、红色资源、文化遗产、节日习俗进行专题活动。,3,文化自信;语言运用;审美创造,义务教育语文课程标准(2022年版)·第四学段·文化传承与理解;参考义务教育课程标准日常修订版(2022年版2025年修订)口径/解读方向
8,初中,梳理与探究,文体特征梳理,CHN-G8-ORG-001,梳理不同文体阅读和表达方法,围绕记叙、说明、议论、诗歌、小说、散文、新闻、传记等文体，梳理基本特征、表达方法和阅读策略。,能说明不同文体的主要特点，并选择合适方法进行阅读和写作。,用单元总结、比较表、文体卡片帮助学生建立方法框架。,3,思维能力;语言运用,义务教育语文课程标准(2022年版)·第四学段·梳理与探究;参考义务教育课程标准日常修订版(2022年版2025年修订)口径/解读方向
8,初中,梳理与探究,专题探究资料分析,CHN-G8-ORG-002,分析专题资料并形成观点,围绕文学、文化、语言现象或社会生活问题搜集多种资料，进行筛选、比较、分析和归纳。,能基于资料提出自己的观点或结论，说明资料来源和分析过程。,强调资料可靠性和证据支撑，避免简单拼贴资料。,3,思维能力;语言运用;文化自信,义务教育语文课程标准(2022年版)·第四学段·梳理与探究;参考义务教育课程标准日常修订版(2022年版2025年修订)口径/解读方向
8,初中,表达与交流,观点陈述与辩论,CHN-G8-EXP-001,围绕议题陈述观点并回应,在讨论、演讲、辩论、访谈和汇报中，围绕议题提出观点，选择事实、文本或生活经验支持观点。,能较有条理地陈述观点和理由，倾听反方意见并作出回应。,设计班级公共议题、读书辩题或社会观察话题，培养理性表达。,3,语言运用;思维能力,义务教育语文课程标准(2022年版)·第四学段·表达与交流;参考义务教育课程标准日常修订版(2022年版2025年修订)口径/解读方向
8,初中,表达与交流,复杂记叙与抒情表达,CHN-G8-EXP-002,写有结构有情感的记叙文章,围绕真实经历、人物或社会观察进行记叙、描写和抒情，学习安排详略、线索和结构。,能写出中心明确、材料较丰富、结构较完整、情感真实的记叙性文章。,引导学生从生活细节和阅读经验中获得写作资源。,3,语言运用;审美创造;思维能力,义务教育语文课程标准(2022年版)·第四学段·表达与交流;参考义务教育课程标准日常修订版(2022年版2025年修订)口径/解读方向
8,初中,表达与交流,说明和议论表达,CHN-G8-EXP-003,写说明和简单议论文字,根据任务写说明性文字、短评、读后感、演讲稿或观点表达短文，学习使用事实和理由支撑表达。,能根据表达目的选择材料，做到观点明确或说明清楚，结构有条理。,把阅读中的说明方法和论证思路迁移到写作实践。,3,语言运用;思维能力,义务教育语文课程标准(2022年版)·第四学段·表达与交流;参考义务教育课程标准日常修订版(2022年版2025年修订)口径/解读方向
8,初中,表达与交流,过程化写作修改,CHN-G8-EXP-004,多轮修改和评价作品,经历选题、构思、起草、修改、评价和发表的写作过程，学习根据反馈调整内容和语言。,能进行较有针对性的多轮修改，改进中心、结构、材料和表达效果。,用写作档案和同伴互评记录学生写作成长。,3,语言运用;思维能力;审美创造,义务教育语文课程标准(2022年版)·第四学段·表达与交流;参考义务教育课程标准日常修订版(2022年版2025年修订)口径/解读方向
8,初中,识字与写字,词语句式与表达效果,CHN-G8-HZW-001,辨析词句表达效果,积累并辨析词语、句式、修辞和语气在不同语境中的意义和表达效果，提升准确表达能力。,能结合语境解释词句含义，分析词句对人物、情感、观点或说明效果的作用。,从课文精读和习作修改中选取典型语言材料进行比较。,3,语言运用;思维能力,义务教育语文课程标准(2022年版)·第四学段·识字与写字;参考义务教育课程标准日常修订版(2022年版2025年修订)口径/解读方向
8,初中,识字与写字,文言积累迁移,CHN-G8-HZW-002,迁移运用文言词句积累,继续积累常见文言实词、虚词、句式和文化常识，关注古今词义差异和语序特点。,能借助注释和已有积累理解浅易课外文言材料，说明关键字词和句子的意义。,用课内带课外的方式训练迁移，关注整体文意。,3,语言运用;文化自信;思维能力,义务教育语文课程标准(2022年版)·第四学段·识字与写字;参考义务教育课程标准日常修订版(2022年版2025年修订)口径/解读方向
8,初中,跨学科学习,调查研究与成果发布,CHN-G8-PRA-001,完成调查研究和语文成果发布,围绕校园、社区、文化、科技或社会议题开展调查研究，综合运用访谈、问卷、资料阅读、写作和展示。,能形成调查报告、演示文稿、短视频脚本、展板或倡议文本，并面向真实受众发布。,评价应关注问题设计、资料依据、语言表达和社会责任。,3,语言运用;思维能力;文化自信,义务教育语文课程标准(2022年版)·第四学段·跨学科学习;参考义务教育课程标准日常修订版(2022年版2025年修订)口径/解读方向
8,初中,阅读与鉴赏,文学作品深度阅读,CHN-G8-REA-001,分析文学作品形象主题和结构,阅读小说、散文、诗歌、戏剧片段等文学作品，分析人物形象、情节结构、叙述视角、语言风格和主题意蕴。,能结合文本证据进行较深入赏析，形成有依据的阅读评价。,通过比较阅读、主题讨论和片段细读提高鉴赏能力。,3,语言运用;审美创造;思维能力,义务教育语文课程标准(2022年版)·第四学段·阅读与鉴赏;参考义务教育课程标准日常修订版(2022年版2025年修订)口径/解读方向
8,初中,阅读与鉴赏,新闻传记阅读,CHN-G8-REA-002,阅读新闻和传记类文本,阅读新闻、通讯、人物传记、访谈等实用性文本，理解事实、观点、材料选择和表达方式。,能概括主要事实，分析材料如何表现人物或事件，并初步判断信息的客观性和价值。,可结合现实新闻、人物专题和媒体素养教育开展。,3,语言运用;思维能力,义务教育语文课程标准(2022年版)·第四学段·阅读与鉴赏;参考义务教育课程标准日常修订版(2022年版2025年修订)口径/解读方向
8,初中,阅读与鉴赏,说明与科普阅读,CHN-G8-REA-003,分析说明文结构和方法,阅读说明文、科普作品和科技类资料，理解说明对象、说明顺序、说明方法和语言准确性。,能分析说明结构和说明方法的作用，提取并整合科学或生活信息。,与科学、信息科技、地理等内容结合，训练准确解释和表达。,3,语言运用;思维能力,义务教育语文课程标准(2022年版)·第四学段·阅读与鉴赏;参考义务教育课程标准日常修订版(2022年版2025年修订)口径/解读方向
8,初中,阅读与鉴赏,论述性文本起步,CHN-G8-REA-004,识别观点材料和论证思路,阅读短小论述性文本，学习识别观点、材料、论证方法和论证思路。,能说出作者主要观点和支持材料，初步评价材料与观点是否匹配。,选取适龄议题文本，重视事实、观点和价值判断的区分。,3,思维能力;语言运用,义务教育语文课程标准(2022年版)·第四学段·阅读与鉴赏;参考义务教育课程标准日常修订版(2022年版2025年修订)口径/解读方向
8,初中,阅读与鉴赏,古诗文比较阅读,CHN-G8-REA-005,比较阅读古诗文,阅读不同题材和风格的古诗文，借助注释、资料和诵读理解内容、情感、写法与文化背景。,能比较同类主题或同一作者作品的语言、情感和表达特点，积累名句和文化常识。,重视诵读积累和审美体验，适度开展专题比较。,3,文化自信;审美创造;语言运用,义务教育语文课程标准(2022年版)·第四学段·阅读与鉴赏;参考义务教育课程标准日常修订版(2022年版2025年修订)口径/解读方向
8,初中,阅读与鉴赏,多文本与非连续性文本,CHN-G8-REA-006,整合多文本和非连续性信息,围绕同一主题阅读多篇文章、图表、网页、数据资料和图片资料，比较信息来源、观点和表达方式。,能整合多源信息形成较完整认识，并说明信息之间的一致、差异或矛盾。,用项目任务驱动多文本阅读，如文化调查、科学议题、社会热点。,3,语言运用;思维能力,义务教育语文课程标准(2022年版)·第四学段·阅读与鉴赏;参考义务教育课程标准日常修订版(2022年版2025年修订)口径/解读方向
9,初中,整本书阅读,名著专题研读,CHN-G9-BOK-001,开展名著专题研读和评价,阅读中外文学名著、纪实作品或科普作品，围绕主题、人物、结构、语言、时代背景和价值意义开展专题研读。,能写出读书报告或专题发言，结合文本证据评价作品价值和个人阅读收获。,鼓励比较阅读、专题讨论和成果展示，避免只记故事梗概。,3,语言运用;审美创造;文化自信,义务教育语文课程标准(2022年版)·第四学段·整本书阅读;参考义务教育课程标准日常修订版(2022年版2025年修订)口径/解读方向
9,初中,文化传承与理解,文化理解与价值判断,CHN-G9-CUL-001,综合理解中华文化和时代精神,通过古诗文、传统文化、革命文化、社会主义先进文化和优秀中外作品阅读，理解文化传承与时代发展的关系。,能结合文本和现实说明文化价值，形成较清晰的文化认同和开放理解。,联系历史、道德与法治、艺术和社会生活，开展比较和讨论。,3,文化自信;语言运用;审美创造,义务教育语文课程标准(2022年版)·第四学段·文化传承与理解;参考义务教育课程标准日常修订版(2022年版2025年修订)口径/解读方向
9,初中,梳理与探究,初中语文知识方法系统梳理,CHN-G9-ORG-001,系统梳理初中语文知识和方法,围绕语言积累、阅读策略、文体知识、表达方法、文化常识、名著阅读和综合性学习进行系统整理。,能建立较完整的语文学习框架，说明知识方法之间的联系，并用于综合解决问题。,可用思维导图、学习手册、专题复盘等方式进行阶段总结。,3,思维能力;语言运用,义务教育语文课程标准(2022年版)·第四学段·梳理与探究;参考义务教育课程标准日常修订版(2022年版2025年修订)口径/解读方向
9,初中,梳理与探究,研究性学习成果,CHN-G9-ORG-002,完成语文研究性学习成果,围绕文学作品、语言现象、文化主题或社会议题进行资料搜集、分析、论证和成果表达。,能形成小论文、研究报告、专题展示或演讲稿，做到问题明确、资料可靠、观点有据。,强调证据意识、资料引用、合作分工和成果表达质量。,3,思维能力;语言运用;文化自信,义务教育语文课程标准(2022年版)·第四学段·梳理与探究;参考义务教育课程标准日常修订版(2022年版2025年修订)口径/解读方向
9,初中,表达与交流,思辨表达与公共讨论,CHN-G9-EXP-001,理性表达观点并参与公共讨论,围绕文学、文化、社会生活和学习议题进行演讲、辩论、讨论和评议，学习有依据、有逻辑、有分寸地表达。,能提出明确观点，运用事实、文本和逻辑支撑观点，并尊重不同立场。,设计适龄公共议题，强调理性、证据和表达礼仪。,3,语言运用;思维能力,义务教育语文课程标准(2022年版)·第四学段·表达与交流;参考义务教育课程标准日常修订版(2022年版2025年修订)口径/解读方向
9,初中,表达与交流,议论性写作,CHN-G9-EXP-002,写观点明确论证合理的议论文章,学习围绕议题提出观点，选择事实、道理、文本材料或生活经验进行论证，安排合理结构。,能写观点明确、材料较充分、论证较有条理的议论性文章。,从真实问题和阅读材料出发训练论证，不追求成人化空泛议论。,3,语言运用;思维能力,义务教育语文课程标准(2022年版)·第四学段·表达与交流;参考义务教育课程标准日常修订版(2022年版2025年修订)口径/解读方向
9,初中,表达与交流,综合写作能力,CHN-G9-EXP-003,完成多文体综合写作,根据表达目的完成记叙、描写、抒情、说明、议论和应用写作，能根据受众和场合调整表达方式。,能写中心明确、结构完整、语言较准确、有一定感染力或说服力的文章。,通过主题写作、任务写作和过程化修改综合提升表达能力。,3,语言运用;审美创造;思维能力,义务教育语文课程标准(2022年版)·第四学段·表达与交流;参考义务教育课程标准日常修订版(2022年版2025年修订)口径/解读方向
9,初中,表达与交流,修改润色与发表,CHN-G9-EXP-004,根据评价标准修改润色作品,学习从立意、材料、结构、语言风格、文体规范和读者效果等角度修改润色文章。,能依据评价标准进行多轮修改，说明修改意图，并形成可展示或发表的成熟作品。,建立写作档案，关注修改证据和表达成长。,3,语言运用;思维能力;审美创造,义务教育语文课程标准(2022年版)·第四学段·表达与交流;参考义务教育课程标准日常修订版(2022年版2025年修订)口径/解读方向
9,初中,识字与写字,语言积累综合运用,CHN-G9-HZW-001,综合运用语言积累解决问题,综合运用字词句篇、成语典故、修辞、语法、标点和语言得体等积累，解决阅读理解和表达中的实际问题。,能准确理解复杂语境中的词句含义，规范、得体、有表现力地进行表达。,在综合阅读和写作修改中整合语言知识，不做碎片化刷题。,3,语言运用;思维能力,义务教育语文课程标准(2022年版)·第四学段·识字与写字;参考义务教育课程标准日常修订版(2022年版2025年修订)口径/解读方向
9,初中,识字与写字,文言阅读综合迁移,CHN-G9-HZW-002,迁移文言积累理解新文本,综合运用课内外文言实词、虚词、句式、文化常识和诵读经验理解浅易文言材料。,能较准确理解课外浅易文言文本，解释关键字词句，概括内容并体会文化内涵。,强调以课内积累带动课外迁移，兼顾文意、语言和文化。,3,语言运用;文化自信;思维能力,义务教育语文课程标准(2022年版)·第四学段·识字与写字;参考义务教育课程标准日常修订版(2022年版2025年修订)口径/解读方向
9,初中,跨学科学习,综合项目与社会表达,CHN-G9-PRA-001,完成面向真实受众的综合项目,围绕文化、科技、社会、校园或社区问题，综合运用语文和跨学科知识开展调查、阅读、写作、演讲和成果发布。,能展示研究过程、资料来源、核心观点、语言成果和反思改进，体现语文综合运用能力。,可结合毕业展示、社区调研、文化传播、科技人文议题开展项目。,3,语言运用;思维能力;文化自信,义务教育语文课程标准(2022年版)·第四学段·跨学科学习;参考义务教育课程标准日常修订版(2022年版2025年修订)口径/解读方向
9,初中,跨学科学习,数字媒介综合表达,CHN-G9-PRA-002,完成数字媒介语文表达作品,围绕文化、科技、社会、校园或社区议题，综合运用资料检索、文本阅读、脚本写作、图文编辑、音视频表达、演讲展示等方式完成数字媒介语文表达作品。,能面向真实受众制作或发布图文展示、演示文稿、短视频脚本、播客文稿、网页展示或主题展板等语文成果，做到观点清楚、资料有据、表达得体，并能标注资料来源。,可结合毕业展示、校园文化传播、社区调研、科技人文议题等任务开展，强调资料可靠、语言准确、媒介形式服务表达目的。,3,语言运用;思维能力;文化自信;审美创造,义务教育语文课程标准(2022年版)·第四学段·跨学科学习;参考义务教育课程标准日常修订版(2022年版2025年修订)口径/解读方向
9,初中,阅读与鉴赏,综合把握文学作品,CHN-G9-REA-001,综合赏析文学作品,阅读小说、散文、诗歌、戏剧等文学作品，综合分析形象、情节、结构、语言、主题和审美价值。,能从多角度赏析文学作品，结合文本证据形成较完整的阅读评价。,通过整合细读、比较阅读和专题讨论提升文学鉴赏深度。,3,语言运用;审美创造;思维能力,义务教育语文课程标准(2022年版)·第四学段·阅读与鉴赏;参考义务教育课程标准日常修订版(2022年版2025年修订)口径/解读方向
9,初中,阅读与鉴赏,论述性文本阅读,CHN-G9-REA-002,评价论述性文本观点和论证,阅读议论文、评论、演讲词和短小论著，分析观点、论据、论证方法和论证结构。,能判断观点是否明确、材料是否充分、论证是否合理，并提出自己的评价。,训练事实、观点、推理和价值判断的区分，培养思辨能力。,3,思维能力;语言运用,义务教育语文课程标准(2022年版)·第四学段·阅读与鉴赏;参考义务教育课程标准日常修订版(2022年版2025年修订)口径/解读方向
9,初中,阅读与鉴赏,实用文本评价,CHN-G9-REA-003,评价实用文本信息质量,阅读新闻报道、调查报告、说明资料、图表、网页和公共传播文本，关注来源、立场、证据和表达目的。,能判断信息的可靠性、相关性和充分性，并根据任务整合信息作出说明或建议。,可结合媒体素养和真实社会议题开展资料评价。,3,语言运用;思维能力,义务教育语文课程标准(2022年版)·第四学段·阅读与鉴赏;参考义务教育课程标准日常修订版(2022年版2025年修订)口径/解读方向
9,初中,阅读与鉴赏,古诗文专题阅读,CHN-G9-REA-004,开展古诗文专题比较阅读,围绕主题、作者、体裁、意象或文化内涵比较阅读古诗文，理解语言、情感和思想价值。,能结合注释和资料解释文意，比较作品异同，表达对传统文化的理解。,通过主题群文、诵读展示和文化探究深化理解。,3,文化自信;审美创造;语言运用,义务教育语文课程标准(2022年版)·第四学段·阅读与鉴赏;参考义务教育课程标准日常修订版(2022年版2025年修订)口径/解读方向
9,初中,阅读与鉴赏,多文本综合阅读,CHN-G9-REA-005,完成多文本综合阅读与判断,围绕复杂问题阅读文学、实用、论述和非连续性文本，比较观点、材料、结构和表达效果。,能综合多篇文本形成判断，说明依据、差异和自己的立场。,用真实议题组织阅读，如文化传承、科技生活、社会责任等。,3,语言运用;思维能力,义务教育语文课程标准(2022年版)·第四学段·阅读与鉴赏;参考义务教育课程标准日常修订版(2022年版2025年修订)口径/解读方向
9,初中,阅读与鉴赏,阅读反思与评价,CHN-G9-REA-006,反思阅读策略和阅读收获,反思三年阅读经验，比较不同阅读策略的适用情境，总结自己的阅读兴趣、方法和成长。,能根据文本类型和阅读目的选择策略，形成较稳定的自主阅读能力。,可结合阅读档案、读书报告和阶段总结开展。,3,语言运用;思维能力;审美创造,义务教育语文课程标准(2022年版)·第四学段·阅读与鉴赏;参考义务教育课程标准日常修订版(2022年版2025年修订)口径/解读方向
10,高中,实用性阅读与交流,实用文本阅读,CHN-G10-PRC-001,阅读新闻报告说明书演讲稿等实用文本,阅读新闻、调查报告、访谈、演讲稿、说明书、公告、应用文、图表和网络资料等实用文本。,能根据目的提取关键信息，理解文本结构、表达目的和受众定位。,选择真实生活、学习和社会场景中的实用文本，提升任务型阅读能力。,2,语言运用;思维能力,普通高中语文课程标准(2017年版2020年修订)·必修·实用性阅读与交流;参考普通高中课程标准日常修订版(2017年版2025年修订)解读方向
10,高中,实用性阅读与交流,信息整合评价,CHN-G10-PRC-002,获取整合并评价实用信息,根据任务需要从多种实用文本中获取、筛选、比较和整合信息，关注来源、可靠性、时效性和适用性。,能形成信息摘要、资料卡片、说明提纲或建议方案，并说明信息选择依据。,结合调查、项目学习和跨学科任务训练信息判断。,3,语言运用;思维能力;信息意识,普通高中语文课程标准(2017年版2020年修订)·必修·实用性阅读与交流;参考普通高中课程标准日常修订版(2017年版2025年修订)解读方向
10,高中,实用性阅读与交流,应用写作,CHN-G10-PRC-003,完成应用写作和事务表达,根据真实交际任务写通知、倡议书、申请书、调查报告、访谈提纲、活动方案、新闻稿、演讲稿等实用文本。,能根据对象、目的和场合选择恰当格式与语言，做到信息准确、结构清楚、表达得体。,应用写作应服务真实任务，不只训练格式背诵。,3,语言运用;思维能力,普通高中语文课程标准(2017年版2020年修订)·必修·实用性阅读与交流;参考普通高中课程标准日常修订版(2017年版2025年修订)解读方向
10,高中,实用性阅读与交流,交流展示,CHN-G10-PRC-004,开展实用交流和展示评价,在访谈、汇报、主持、讲解、协商、展示和评议等活动中进行实用交流。,能根据受众和场合组织内容，清楚表达信息和建议，并评价交流效果。,可结合研究性学习、社团活动、校园服务、社会调查等任务开展。,3,语言运用;思维能力;文化自信,普通高中语文课程标准(2017年版2020年修订)·必修·实用性阅读与交流;参考普通高中课程标准日常修订版(2017年版2025年修订)解读方向
10,高中,当代文化参与,文化观察,CHN-G10-CCP-001,观察和描述当代文化现象,关注校园、社区、网络、媒体、公共生活中的当代文化现象，学习用语文方式记录、描述和初步解释。,能选择一个当代文化现象进行观察，记录典型材料，说明其表现、受众和传播方式。,选题宜贴近学生真实生活，如校园文化、网络语言、阅读风尚、公共标识、传统节日新表达等。,2,语言运用;文化自信;思维能力,普通高中语文课程标准(2017年版2020年修订)·必修·当代文化参与;参考普通高中课程标准日常修订版(2017年版2025年修订)解读方向
10,高中,当代文化参与,文化调查,CHN-G10-CCP-002,开展文化调查与资料整理,围绕当代文化议题开展访谈、问卷、资料检索、文本收集和现象分析，整理可靠资料。,能说明调查问题、资料来源、整理方法和主要发现，形成调查记录或简要报告。,强调资料真实性、来源标注和尊重受访者，不把文化参与做成空泛议论。,3,语言运用;思维能力;文化自信,普通高中语文课程标准(2017年版2020年修订)·必修·当代文化参与;参考普通高中课程标准日常修订版(2017年版2025年修订)解读方向
10,高中,当代文化参与,文化评价,CHN-G10-CCP-003,评价文化现象并进行公共表达,对当代文化现象进行分析评价，关注文化传承、价值取向、审美趣味、媒介传播和社会影响。,能形成观点清晰、材料有据、表达得体的评论、倡议、演讲或展示文本。,引导学生兼顾文化认同、开放理解和理性判断，避免简单贴标签。,3,语言运用;思维能力;文化自信;审美创造,普通高中语文课程标准(2017年版2020年修订)·必修·当代文化参与;参考普通高中课程标准日常修订版(2017年版2025年修订)解读方向
10,高中,思辨性阅读与表达,论述文本阅读,CHN-G10-ARG-001,阅读论述类文本观点和论证,阅读评论、演讲词、议论文、思想文化短文和短小论著，学习把握观点、论据、论证结构和语言策略。,能概括作者观点，梳理论证思路，判断材料与观点之间的关系。,从适龄议题和经典短论入手，训练基于文本的思辨阅读。,3,思维能力;语言运用,普通高中语文课程标准(2017年版2020年修订)·必修·思辨性阅读与表达;参考普通高中课程标准日常修订版(2017年版2025年修订)解读方向
10,高中,思辨性阅读与表达,事实观点推理,CHN-G10-ARG-002,区分事实观点材料和推理,学习区分事实、观点、态度、价值判断和推理过程，辨析论证中的概念、前提、证据和逻辑关系。,能发现论述中的论据不足、偷换概念、因果不当、以偏概全等问题，并作出理性评价。,选用真实语料进行分析，避免抽象逻辑术语堆砌。,3,思维能力;语言运用,普通高中语文课程标准(2017年版2020年修订)·必修·思辨性阅读与表达;参考普通高中课程标准日常修订版(2017年版2025年修订)解读方向
10,高中,思辨性阅读与表达,讨论演讲,CHN-G10-ARG-003,进行思辨讨论和演讲,围绕文学、文化、社会、科技和生活议题进行讨论、辩论、演讲和评议，学习提出问题、表达立场、回应质疑。,能清楚表达观点，运用事实、文本和逻辑支撑观点，尊重不同立场并有效回应。,设置真实而适龄的议题，强调证据、逻辑和表达礼仪。,3,语言运用;思维能力,普通高中语文课程标准(2017年版2020年修订)·必修·思辨性阅读与表达;参考普通高中课程标准日常修订版(2017年版2025年修订)解读方向
10,高中,思辨性阅读与表达,议论写作,CHN-G10-ARG-004,写观点明确论证合理的议论文本,围绕明确议题提出观点，选择事实、文本、数据和生活经验作为材料，安排论证结构，完成议论性表达。,能写观点明确、材料较充分、结构较清楚、论证较合理的议论文章或评论。,指导学生经历立论、选材、提纲、初稿、修改和发表过程。,3,语言运用;思维能力,普通高中语文课程标准(2017年版2020年修订)·必修·思辨性阅读与表达;参考普通高中课程标准日常修订版(2017年版2025年修订)解读方向
10,高中,整本书阅读与研讨,阅读规划,CHN-G10-BOK-001,制订整本书阅读与研讨方案,围绕经典作品、学术著作或专题读物，明确阅读目的、阅读进度、研讨问题和成果形式，开展持续性整本书阅读。,能根据作品类型和学习任务制订可执行阅读计划，持续记录阅读过程，形成整体理解和问题意识。,引导学生建立阅读档案，关注阅读过程、问题生成和同伴研讨，不以章节碎片测试代替整本书阅读。,3,语言运用;思维能力;审美创造;文化自信,普通高中语文课程标准(2017年版2020年修订)·必修·整本书阅读与研讨;参考普通高中课程标准日常修订版(2017年版2025年修订)解读方向
10,高中,整本书阅读与研讨,深度研读,CHN-G10-BOK-002,运用批注摘录和问题链研读整本书,在整本书阅读中综合运用批注、摘录、札记、人物关系图、结构图、问题链、比较阅读等方法。,能围绕核心问题梳理作品结构、人物、思想、语言和文化价值，提出有文本依据的理解。,结合导读课、推进课、研讨课和成果展示课，帮助学生从泛读走向专题研读。,3,语言运用;思维能力;审美创造,普通高中语文课程标准(2017年版2020年修订)·必修·整本书阅读与研讨;参考普通高中课程标准日常修订版(2017年版2025年修订)解读方向
10,高中,整本书阅读与研讨,研讨表达,CHN-G10-BOK-003,开展整本书专题研讨与成果表达,围绕整本书的主题、人物、结构、语言、时代背景或现实意义开展专题研讨，形成读书报告、专题发言、书评或展示成果。,能结合文本证据表达独立见解，回应同伴观点，形成较完整的阅读评价和表达成果。,评价应关注文本依据、问题深度、表达逻辑和研讨质量。,3,语言运用;思维能力;审美创造;文化自信,普通高中语文课程标准(2017年版2020年修订)·必修·整本书阅读与研讨;参考普通高中课程标准日常修订版(2017年版2025年修订)解读方向
10,高中,文学阅读与写作,文学作品阅读,CHN-G10-LWW-001,阅读鉴赏诗歌散文小说戏剧,阅读诗歌、散文、小说、戏剧等文学作品，关注形象、情节、结构、语言、意象、主题和审美风格。,能结合文本细节进行文学鉴赏，表达审美体验和对作品价值的理解。,采用细读、朗读、比较阅读和情境讨论等方式深化文学体验。,3,语言运用;审美创造;思维能力,普通高中语文课程标准(2017年版2020年修订)·必修·文学阅读与写作;参考普通高中课程标准日常修订版(2017年版2025年修订)解读方向
10,高中,文学阅读与写作,文学表达分析,CHN-G10-LWW-002,分析文学形象情感结构和语言,在文学阅读中分析人物形象、抒情主体、叙述方式、情节结构、意象系统和语言风格。,能从多个角度说明作品怎样表达情感、塑造形象和形成艺术效果。,鼓励学生用文本证据支持观点，避免套用空泛鉴赏术语。,3,语言运用;审美创造;思维能力,普通高中语文课程标准(2017年版2020年修订)·必修·文学阅读与写作;参考普通高中课程标准日常修订版(2017年版2025年修订)解读方向
10,高中,文学阅读与写作,文学写作,CHN-G10-LWW-003,进行文学写作与创意表达,学习借鉴优秀文学作品的表达方式，进行诗歌、散文、小说片段、戏剧片段或文学评论等创意写作。,能完成有明确主题、情感真切、语言较有表现力的文学表达作品。,重视阅读对写作的支撑，引导学生从模仿、改写、续写走向原创表达。,3,语言运用;审美创造,普通高中语文课程标准(2017年版2020年修订)·必修·文学阅读与写作;参考普通高中课程标准日常修订版(2017年版2025年修订)解读方向
10,高中,文学阅读与写作,作品修改评价,CHN-G10-LWW-004,评价修改文学表达作品,围绕立意、形象、结构、语言和审美效果评价文学表达作品，并进行修改润色。,能根据同伴和教师反馈修改作品，说明修改意图，提升文学表达效果。,可组织作品朗读会、同伴互评、创作札记和作品集展示。,3,语言运用;审美创造;思维能力,普通高中语文课程标准(2017年版2020年修订)·必修·文学阅读与写作;参考普通高中课程标准日常修订版(2017年版2025年修订)解读方向
10,高中,语言积累、梳理与探究,语言材料积累,CHN-G10-LST-001,积累经典语言材料和表达资源,积累古今中外优秀作品中的典型词句、语段、成语典故、修辞样例和思想文化材料，形成个人语言资源库。,能在阅读、写作和口语表达中调用积累材料，使表达准确、丰富、有文化内涵。,引导学生建立主题化积累，不把积累停留在机械摘抄。,2,语言运用;文化自信;审美创造,普通高中语文课程标准(2017年版2020年修订)·必修·语言积累、梳理与探究;参考普通高中课程标准日常修订版(2017年版2025年修订)解读方向
10,高中,语言积累、梳理与探究,语言规律梳理,CHN-G10-LST-002,梳理汉语语法修辞和逻辑关系,结合阅读和表达实践梳理词语、句式、语段、修辞、逻辑关系、语体风格和语言得体等语言现象。,能分析典型语言现象的表达作用，并在自己的表达中进行有意识调整。,不做脱离语境的系统语法灌输，重在解决阅读和表达问题。,3,语言运用;思维能力,普通高中语文课程标准(2017年版2020年修订)·必修·语言积累、梳理与探究;参考普通高中课程标准日常修订版(2017年版2025年修订)解读方向
10,高中,语言积累、梳理与探究,语言专题探究,CHN-G10-LST-003,探究语言文字运用规律,围绕网络语言、校园语言、公共标识、广告语言、文言今用、方言与普通话等现象开展语言专题探究。,能提出问题，搜集语言材料，分析规律和表达效果，形成简要探究报告。,选题应小而真实，注重材料证据和规范表达。,3,语言运用;思维能力;文化自信,普通高中语文课程标准(2017年版2020年修订)·必修·语言积累、梳理与探究;参考普通高中课程标准日常修订版(2017年版2025年修订)解读方向
10,高中,语言积累、梳理与探究,规范得体表达,CHN-G10-LST-004,提升准确规范得体表达能力,在不同语境中学习准确、简明、连贯、得体、有逻辑地表达，注意语体、对象、场合和目的。,能根据交际任务调整语言风格，修改表达中的歧义、啰嗦、失当和逻辑不清问题。,与演讲、讨论、写作修改、应用文写作等任务结合评价。,3,语言运用;思维能力,普通高中语文课程标准(2017年版2020年修订)·必修·语言积累、梳理与探究;参考普通高中课程标准日常修订版(2017年版2025年修订)解读方向
10,高中,跨媒介阅读与交流,媒介文本识别,CHN-G10-MCR-001,识别多媒介文本特征,阅读文字、图像、音频、视频、网页、社交媒体和数据图表等多种媒介文本，认识其表达方式和传播特点。,能辨识不同媒介文本的语言、结构、视听和交互特征，说明媒介形式对意义表达的影响。,选择同一主题的不同媒介材料开展比较阅读，培养媒介意识。,2,语言运用;思维能力;数字化学习与创新,普通高中语文课程标准(2017年版2020年修订)·必修·跨媒介阅读与交流;参考普通高中课程标准日常修订版(2017年版2025年修订)解读方向
10,高中,跨媒介阅读与交流,媒介表达比较,CHN-G10-MCR-002,比较不同媒介表达效果,围绕同一主题比较新闻报道、评论、短视频、海报、演讲、图表等媒介表达的内容选择、立场、效果和受众差异。,能分析媒介材料的表达策略、信息可靠性和传播效果，形成有依据的判断。,结合真实传播案例训练学生识别事实、观点、情绪和立场。,3,语言运用;思维能力;信息社会责任,普通高中语文课程标准(2017年版2020年修订)·必修·跨媒介阅读与交流;参考普通高中课程标准日常修订版(2017年版2025年修订)解读方向
10,高中,跨媒介阅读与交流,跨媒介创作,CHN-G10-MCR-003,创作跨媒介语文表达作品,根据表达目的和受众需要，综合运用文字、图片、音频、视频、图表或网页等形式创作跨媒介作品。,能完成主题明确、资料可靠、媒介形式恰当的跨媒介表达成果，并说明媒介选择理由。,项目可为主题海报、短视频脚本、播客文稿、网页专题、演示报告等，强调语言质量与版权规范。,3,语言运用;数字化学习与创新;审美创造;信息社会责任,普通高中语文课程标准(2017年版2020年修订)·必修·跨媒介阅读与交流;参考普通高中课程标准日常修订版(2017年版2025年修订)解读方向
11,高中,中华传统文化经典研习,经典文本精读,CHN-G11-CTC-001,精读中华传统文化经典文本,阅读先秦诸子、史传文学、古代诗文、传统文化论著等经典文本，借助注释、工具书和背景资料理解文意。,能准确把握文本基本内容、关键概念和文化语境，积累重要文言词句和名篇名句。,重视诵读、注释使用和背景理解，避免只做字词翻译。,3,文化自信;语言运用;思维能力,普通高中语文课程标准(2017年版2020年修订)·选择性必修·中华传统文化经典研习;参考普通高中课程标准日常修订版(2017年版2025年修订)解读方向
11,高中,中华传统文化经典研习,思想文化阐释,CHN-G11-CTC-002,阐释经典中的思想价值,围绕仁爱、民本、诚信、家国、修身、自然观、审美观等主题理解传统经典思想。,能结合文本和现实说明传统文化经典的思想价值、历史局限和当代意义。,引导学生进行历史理解和现实转化，避免简单贴标签。,3,文化自信;思维能力;语言运用,普通高中语文课程标准(2017年版2020年修订)·选择性必修·中华传统文化经典研习;参考普通高中课程标准日常修订版(2017年版2025年修订)解读方向
11,高中,中华传统文化经典研习,古诗文比较研习,CHN-G11-CTC-003,比较研习古代诗文和文化主题,围绕主题、体裁、作者、时代或文化意象比较研习古代诗文和传统文化材料。,能比较不同文本的语言、思想、情感和艺术特色，形成较深入的文化理解。,可围绕山水、家国、理想人格、历史兴亡等主题开展群文研习。,3,文化自信;审美创造;语言运用,普通高中语文课程标准(2017年版2020年修订)·选择性必修·中华传统文化经典研习;参考普通高中课程标准日常修订版(2017年版2025年修订)解读方向
11,高中,中华传统文化经典研习,传统文化表达转化,CHN-G11-CTC-004,进行传统文化表达与转化,基于经典研习成果，开展讲解、评论、演讲、文化短文、展陈文案或跨媒介传播。,能准确表达传统文化内涵，并结合当代语境进行创造性转化和创新性表达。,强调尊重经典、准确阐释和面向当代受众的表达能力。,3,文化自信;语言运用;审美创造,普通高中语文课程标准(2017年版2020年修订)·选择性必修·中华传统文化经典研习;参考普通高中课程标准日常修订版(2017年版2025年修订)解读方向
11,高中,中国现当代作家作品研习,现当代文学作品研读,CHN-G11-MOD-001,研读中国现当代作家代表作品,阅读中国现当代诗歌、散文、小说、戏剧、报告文学等代表作品，关注时代语境、文学风格和精神追求。,能把握作品内容、形象、主题和语言特色，理解作品与现代中国社会生活的关系。,选取经典与当代优秀作品结合，帮助学生建立文学史初步意识。,3,语言运用;审美创造;文化自信,普通高中语文课程标准(2017年版2020年修订)·选择性必修·中国现当代作家作品研习;参考普通高中课程标准日常修订版(2017年版2025年修订)解读方向
11,高中,中国现当代作家作品研习,作家专题研习,CHN-G11-MOD-002,开展作家专题阅读和研究,围绕一位或一组中国现当代作家，阅读作品、作者资料、评论材料和时代背景资料。,能归纳作家创作特点、思想情感和艺术风格，形成专题阅读成果。,鼓励将作品细读与背景资料结合，但不以资料堆砌替代文本分析。,3,语言运用;思维能力;审美创造,普通高中语文课程标准(2017年版2020年修订)·选择性必修·中国现当代作家作品研习;参考普通高中课程标准日常修订版(2017年版2025年修订)解读方向
11,高中,中国现当代作家作品研习,文学评论写作,CHN-G11-MOD-003,撰写现当代文学短评,基于文本细读和专题研习，学习撰写文学短评、阅读札记、比较评论或研究性小论文。,能提出明确评论观点，引用文本证据，分析语言、形象、结构或主题，表达个人理解。,引导学生在审美体验基础上形成有依据的评论表达。,3,语言运用;思维能力;审美创造,普通高中语文课程标准(2017年版2020年修订)·选择性必修·中国现当代作家作品研习;参考普通高中课程标准日常修订版(2017年版2025年修订)解读方向
11,高中,中国现当代作家作品研习,当代文学生活参与,CHN-G11-MOD-004,关注当代文学生活并表达评价,关注当代文学创作、阅读传播、影视改编、网络文学和公共文学活动，理解文学与现实生活的关系。,能对一个当代文学现象或作品传播案例进行观察、分析和评价。,可结合读书会、文学社、作家访谈、影视改编比较等活动。,3,语言运用;审美创造;文化自信,普通高中语文课程标准(2017年版2020年修订)·选择性必修·中国现当代作家作品研习;参考普通高中课程标准日常修订版(2017年版2025年修订)解读方向
11,高中,中国革命传统作品研习,革命传统作品阅读,CHN-G11-CRT-001,阅读中国革命传统作品,阅读反映中国革命、建设、改革伟大历程的诗文、小说、报告文学、回忆录、演讲词和纪实材料。,能把握作品内容、人物形象、历史背景和精神内涵，理解作品的语言力量和思想价值。,结合历史背景和文本细读，避免把文学阅读简单化为口号记忆。,3,文化自信;语言运用;审美创造,普通高中语文课程标准(2017年版2020年修订)·选择性必修·中国革命传统作品研习;参考普通高中课程标准日常修订版(2017年版2025年修订)解读方向
11,高中,中国革命传统作品研习,革命精神阐释,CHN-G11-CRT-002,阐释革命精神和时代价值,围绕理想信念、家国情怀、人民立场、奋斗精神、牺牲精神等主题研习革命传统作品。,能结合文本证据阐释革命精神的具体表现和时代价值，形成理性而真切的认同。,通过人物专题、主题群文和历史资料辅助理解。,3,文化自信;思维能力;语言运用,普通高中语文课程标准(2017年版2020年修订)·选择性必修·中国革命传统作品研习;参考普通高中课程标准日常修订版(2017年版2025年修订)解读方向
11,高中,中国革命传统作品研习,革命叙事表达分析,CHN-G11-CRT-003,分析革命传统作品叙事和语言,分析革命传统作品中的叙事方式、人物塑造、场景描写、抒情方式和论辩语言。,能说明作品如何通过语言和结构表达信念、情感与价值追求。,比较文学作品、纪实文本和演讲文本的表达方式。,3,语言运用;审美创造;思维能力,普通高中语文课程标准(2017年版2020年修订)·选择性必修·中国革命传统作品研习;参考普通高中课程标准日常修订版(2017年版2025年修订)解读方向
11,高中,中国革命传统作品研习,革命文化主题表达,CHN-G11-CRT-004,完成革命文化主题表达成果,基于作品研习和资料阅读，完成评论、演讲、讲解稿、专题展示或跨媒介表达作品。,能有依据地表达对革命文化的理解，语言准确、有感染力，兼顾历史真实与当代表达。,可结合红色资源、纪念场馆、人物故事和校园展示开展。,3,文化自信;语言运用;审美创造,普通高中语文课程标准(2017年版2020年修订)·选择性必修·中国革命传统作品研习;参考普通高中课程标准日常修订版(2017年版2025年修订)解读方向
11,高中,外国作家作品研习,外国文学作品阅读,CHN-G11-FOR-001,阅读外国作家代表作品,阅读外国诗歌、小说、散文、戏剧或思想文化作品，关注作品的主题、人物、结构、语言和文化背景。,能理解作品基本内容和艺术特色，表达审美体验和跨文化理解。,选择适合高中生阅读的经典或优秀作品，注意译本语言和文化背景。,3,语言运用;审美创造;文化自信,普通高中语文课程标准(2017年版2020年修订)·选择性必修·外国作家作品研习;参考普通高中课程标准日常修订版(2017年版2025年修订)解读方向
11,高中,外国作家作品研习,跨文化比较阅读,CHN-G11-FOR-002,开展中外作品跨文化比较,围绕主题、人物、叙事、价值观、文学样式和文化语境比较中外作品。,能在尊重差异的基础上比较作品异同，形成开放而理性的文化理解。,引导学生避免简单优劣判断，重视文本和文化语境。,3,思维能力;审美创造;文化自信,普通高中语文课程标准(2017年版2020年修订)·选择性必修·外国作家作品研习;参考普通高中课程标准日常修订版(2017年版2025年修订)解读方向
11,高中,外国作家作品研习,外国文学评论表达,CHN-G11-FOR-003,评论外国文学作品和人物形象,基于外国文学阅读，分析人物形象、主题意蕴、叙事方式和艺术特色，撰写评论或专题发言。,能结合文本证据表达对作品的理解，兼顾审美体验和文化背景。,可结合改编影视、译本比较和中外主题对照开展表达。,3,语言运用;思维能力;审美创造,普通高中语文课程标准(2017年版2020年修订)·选择性必修·外国作家作品研习;参考普通高中课程标准日常修订版(2017年版2025年修订)解读方向
11,高中,外国作家作品研习,世界文学视野,CHN-G11-FOR-004,形成初步世界文学视野,通过外国作品研习，了解不同文化传统中的文学表达、人性主题和审美追求。,能联系中国文学阅读经验，说明外国文学作品对理解人类共同经验和文化差异的价值。,鼓励学生在比较中增强文化自信和开放理解。,3,文化自信;审美创造;思维能力,普通高中语文课程标准(2017年版2020年修订)·选择性必修·外国作家作品研习;参考普通高中课程标准日常修订版(2017年版2025年修订)解读方向
11,高中,当代文化参与,当代文化议题选择,CHN-G11-CCP-001,选择并界定当代文化议题,关注社会生活、校园文化、网络传播、公共空间和地方文化中的当代文化现象，学习将观察对象转化为可研究议题。,能明确议题对象、研究范围、核心问题和价值意义，形成文化参与方案。,选题应真实、具体、可调查，避免泛泛谈文化。,3,文化自信;思维能力;语言运用,普通高中语文课程标准(2017年版2020年修订)·选择性必修·当代文化参与;参考普通高中课程标准日常修订版(2017年版2025年修订)解读方向
11,高中,当代文化参与,文化资料采集分析,CHN-G11-CCP-002,采集分析文化现象资料,围绕文化议题开展访谈、问卷、实地观察、文本收集、网络资料检索和多媒介材料整理。,能判断资料可靠性和代表性，分类整理材料，分析文化现象的形成原因、传播方式和价值取向。,强调资料来源标注、尊重受访者和数据伦理。,3,语言运用;思维能力;文化自信,普通高中语文课程标准(2017年版2020年修订)·选择性必修·当代文化参与;参考普通高中课程标准日常修订版(2017年版2025年修订)解读方向
11,高中,当代文化参与,文化评论写作,CHN-G11-CCP-003,撰写文化评论或调查报告,基于文化观察和资料分析，撰写文化评论、调查报告、倡议书、策展说明或公共表达文本。,能观点清晰、材料充分、逻辑合理地评价文化现象，体现文化理解和社会责任。,引导学生兼顾事实、价值和表达对象，避免情绪化评论。,3,语言运用;思维能力;文化自信,普通高中语文课程标准(2017年版2020年修订)·选择性必修·当代文化参与;参考普通高中课程标准日常修订版(2017年版2025年修订)解读方向
11,高中,当代文化参与,文化传播实践,CHN-G11-CCP-004,策划并实施文化传播活动,围绕文化主题策划展览、讲解、推文、短视频脚本、海报、播客文稿或校园公共表达活动。,能面向真实受众完成文化传播成果，说明传播目的、内容选择、媒介形式和效果反思。,强调语文表达质量、审美设计、价值导向和媒介规范。,3,语言运用;审美创造;文化自信;信息社会责任,普通高中语文课程标准(2017年版2020年修订)·选择性必修·当代文化参与;参考普通高中课程标准日常修订版(2017年版2025年修订)解读方向
11,高中,整本书阅读与研讨,经典整本书专题研读,CHN-G11-BOK-001,研读经典整本书并形成专题问题,围绕中外经典作品、学术著作、文化论著或专题读物开展整本书阅读，聚焦主题、结构、人物、思想、语言和时代语境形成专题问题。,能提出有研究价值的阅读问题，建立阅读计划和资料档案，形成较深入的整体理解。,选择适合高中阶段的经典作品，重视问题驱动、持续阅读和研讨过程。,3,语言运用;思维能力;审美创造;文化自信,普通高中语文课程标准(2017年版2020年修订)·选择性必修·整本书阅读与研讨;参考普通高中课程标准日常修订版(2017年版2025年修订)解读方向
11,高中,整本书阅读与研讨,整本书比较阅读,CHN-G11-BOK-002,开展整本书比较阅读,围绕同一主题、同一作者、同一体裁或不同文化背景的作品开展比较阅读，分析文本之间的联系、差异和价值。,能从主题、人物、叙事、语言、文化语境等角度进行比较，形成有文本依据的判断。,鼓励跨作品、跨时代、跨文化比较，避免只复述情节。,3,思维能力;审美创造;语言运用,普通高中语文课程标准(2017年版2020年修订)·选择性必修·整本书阅读与研讨;参考普通高中课程标准日常修订版(2017年版2025年修订)解读方向
11,高中,整本书阅读与研讨,读书报告与书评,CHN-G11-BOK-003,撰写读书报告和书评,基于整本书阅读成果，学习撰写读书报告、书评、专题论文雏形或研究性阅读札记。,能围绕核心观点组织文本证据、相关资料和个人理解，写出结构清楚、观点明确的阅读成果。,指导学生处理引用、概括、评价和个人见解之间的关系。,3,语言运用;思维能力;审美创造,普通高中语文课程标准(2017年版2020年修订)·选择性必修·整本书阅读与研讨;参考普通高中课程标准日常修订版(2017年版2025年修订)解读方向
11,高中,整本书阅读与研讨,阅读共同体研讨,CHN-G11-BOK-004,组织整本书阅读共同体研讨,在读书小组、课堂论坛、专题汇报或线上交流中进行整本书研讨，回应不同观点并改进理解。,能承担研讨角色，清楚表达观点，引用文本证据回应他人，形成共同体学习成果。,评价时关注研讨质量、证据使用、倾听回应和成果迭代。,3,语言运用;思维能力;文化自信,普通高中语文课程标准(2017年版2020年修订)·选择性必修·整本书阅读与研讨;参考普通高中课程标准日常修订版(2017年版2025年修订)解读方向
11,高中,科学与文化论著研习,论著阅读方法,CHN-G11-SCI-001,阅读科学与文化论著,阅读科学、文化、哲学、历史、社会、艺术等领域的论著节选或短篇论著，学习把握概念、观点、材料和论证。,能概括论著核心观点，梳理论证结构，理解关键概念和作者立场。,从篇幅适中、观点明确的论著入手，训练学术阅读耐心。,3,思维能力;语言运用;文化自信,普通高中语文课程标准(2017年版2020年修订)·选择性必修·科学与文化论著研习;参考普通高中课程标准日常修订版(2017年版2025年修订)解读方向
11,高中,科学与文化论著研习,概念论证分析,CHN-G11-SCI-002,分析论著概念和论证方式,围绕科学与文化论著中的关键概念、论证路径、材料使用、推理方式和语言风格进行分析。,能判断概念界定是否清楚、论证是否合理、材料是否充分，并提出自己的理解或疑问。,引导学生做摘要、结构图、概念图和问题清单。,3,思维能力;语言运用,普通高中语文课程标准(2017年版2020年修订)·选择性必修·科学与文化论著研习;参考普通高中课程标准日常修订版(2017年版2025年修订)解读方向
11,高中,科学与文化论著研习,跨学科主题研读,CHN-G11-SCI-003,开展跨学科主题论著研读,围绕科学精神、技术伦理、生态文明、文化传承、社会发展等主题阅读多篇论著和资料。,能整合不同学科材料，比较观点差异，形成有证据的主题理解。,可与科学、历史、政治、信息科技等学科联动，强调语文阅读与表达能力。,3,思维能力;语言运用;文化自信,普通高中语文课程标准(2017年版2020年修订)·选择性必修·科学与文化论著研习;参考普通高中课程标准日常修订版(2017年版2025年修订)解读方向
11,高中,科学与文化论著研习,学术表达雏形,CHN-G11-SCI-004,完成论著研读报告或学术表达雏形,基于科学与文化论著研读，撰写摘要、书评、读书报告、主题评论或小论文雏形。,能提出问题，引用材料，组织论证，形成结构清晰、观点有据、语言规范的书面成果。,强调引用规范、资料来源和学术诚信，控制难度不成人化。,3,语言运用;思维能力;信息社会责任,普通高中语文课程标准(2017年版2020年修订)·选择性必修·科学与文化论著研习;参考普通高中课程标准日常修订版(2017年版2025年修订)解读方向
11,高中,语言积累、梳理与探究,语言文字专题积累,CHN-G11-LST-001,建立专题化语言文字资源库,围绕古今汉语、文学语言、公共语言、网络语言、学术表达等专题积累语言材料。,能按主题建立语言资源库，说明材料来源、语境、特点和可迁移价值。,鼓励使用数字工具整理资料，重视材料筛选和分类标准。,3,语言运用;思维能力,普通高中语文课程标准(2017年版2020年修订)·选择性必修·语言积累、梳理与探究;参考普通高中课程标准日常修订版(2017年版2025年修订)解读方向
11,高中,语言积累、梳理与探究,汉语现象探究,CHN-G11-LST-002,探究汉语语言现象和表达规律,围绕词汇演变、句式变化、修辞风格、语体差异、方言与普通话、网络语言等现象开展探究。,能提出语言问题，搜集语料，分析规律，形成有证据的探究结论。,重视真实语料和语境分析，避免空泛讲语言知识。,3,语言运用;思维能力;文化自信,普通高中语文课程标准(2017年版2020年修订)·选择性必修·语言积累、梳理与探究;参考普通高中课程标准日常修订版(2017年版2025年修订)解读方向
11,高中,语言积累、梳理与探究,语言逻辑与修辞,CHN-G11-LST-003,分析语言逻辑修辞和风格,在文学、论述、实用和媒介文本中分析语言逻辑、修辞手法、语体风格和表达效果。,能评价语言表达是否准确、连贯、得体、有逻辑，并能修改提升自己的表达。,结合写作修改、演讲稿打磨和文本赏析训练。,3,语言运用;思维能力;审美创造,普通高中语文课程标准(2017年版2020年修订)·选择性必修·语言积累、梳理与探究;参考普通高中课程标准日常修订版(2017年版2025年修订)解读方向
11,高中,语言积累、梳理与探究,语言专题成果表达,CHN-G11-LST-004,完成语言专题探究成果,将语言专题探究成果整理为报告、演示、论文雏形、案例集或语言规范建议。,能清楚呈现问题、语料、分析过程和结论，并体现规范使用国家通用语言文字的意识。,评价时关注语料质量、分析深度和表达规范。,3,语言运用;思维能力;文化自信,普通高中语文课程标准(2017年版2020年修订)·选择性必修·语言积累、梳理与探究;参考普通高中课程标准日常修订版(2017年版2025年修订)解读方向
11,高中,跨媒介阅读与交流,跨媒介专题阅读,CHN-G11-MCR-001,开展跨媒介专题阅读,围绕同一议题阅读文字、图像、音视频、网页、数据图表、社交媒体文本等多种媒介材料。,能比较不同媒介材料的内容选择、表达策略、传播效果和受众定位，形成综合判断。,使用真实传播案例，训练媒介辨析和信息整合能力。,3,语言运用;思维能力;数字化学习与创新,普通高中语文课程标准(2017年版2020年修订)·选择性必修·跨媒介阅读与交流;参考普通高中课程标准日常修订版(2017年版2025年修订)解读方向
11,高中,跨媒介阅读与交流,媒介信息评价,CHN-G11-MCR-002,评价媒介信息真实性和立场,关注多媒介信息的来源、证据、编辑方式、情绪倾向、算法推荐和传播语境，判断信息可靠性。,能识别事实、观点、情绪、立场和误导性表达，提出有依据的信息评价。,结合新闻、短视频、广告、公共传播材料开展媒体素养训练。,3,思维能力;语言运用;信息社会责任,普通高中语文课程标准(2017年版2020年修订)·选择性必修·跨媒介阅读与交流;参考普通高中课程标准日常修订版(2017年版2025年修订)解读方向
11,高中,跨媒介阅读与交流,跨媒介叙事设计,CHN-G11-MCR-003,设计跨媒介叙事和表达方案,根据主题、受众和传播目的，设计文字、图像、音频、视频、互动页面等多媒介协同表达方案。,能说明不同媒介承担的表达功能，形成结构清楚、内容连贯的跨媒介表达设计。,强调媒介服务内容，不追求形式堆砌。,3,语言运用;审美创造;数字化学习与创新,普通高中语文课程标准(2017年版2020年修订)·选择性必修·跨媒介阅读与交流;参考普通高中课程标准日常修订版(2017年版2025年修订)解读方向
11,高中,跨媒介阅读与交流,跨媒介作品发布反思,CHN-G11-MCR-004,发布跨媒介作品并反思效果,创作并发布跨媒介语文作品，关注版权、隐私、引用规范、传播效果和受众反馈。,能根据反馈评价作品表达效果，说明改进方向，遵守数字环境中的表达责任。,可结合校园文化传播、社会议题表达、读书推广等项目。,3,语言运用;审美创造;信息社会责任,普通高中语文课程标准(2017年版2020年修订)·选择性必修·跨媒介阅读与交流;参考普通高中课程标准日常修订版(2017年版2025年修订)解读方向
